Date,ActiveClientID,Total_hpHeat_diff,Total_hpElectric_diff,Total_boilerHeat_diff,Total_COP,Savings_Gas,CO2_Gas_Saved,CO2_Electricity,Savings_CO2,Savings_CO2_perCIC
11/10/2022,1,145.908448,27.982111,0,5.214347409,0.016594649,0.029671232,0.006156064,0.023515167,0.023515167
11/11/2022,1,5388.59647,699.189778,503,7.706915403,0.612862834,1.095798748,0.153821751,0.941976996,0.941976996
11/12/2022,1,18252.74847,2502.47475,117,7.293879177,2.075945234,3.711790078,0.550544445,3.161245633,3.161245633
11/13/2022,1,18573.30504,2451.739555,102,7.575562014,2.112403189,3.776976902,0.539382702,3.2375942,3.2375942
11/14/2022,2,28461.15421,5274.471861,1099,5.396019726,3.236980859,5.787721776,1.160383809,4.627337967,2.313668983
11/15/2022,4,26444.49421,3823.562528,1837,6.916192428,3.007619472,5.377623615,0.841183756,4.536439859,1.134109965
11/16/2022,3,28208.9805,4334.572333,1448,6.507903971,3.208300313,5.736440959,0.953605913,4.782835046,1.594278349
11/17/2022,2,31590.88056,5210.829388,8057,6.062543639,3.592934951,6.424167693,1.146382465,5.277785228,2.638892614
11/18/2022,2,31598.18969,4565.659722,1896,6.920837648,3.593766243,6.425654043,1.004445139,5.421208904,2.710604452
11/19/2022,1,193685.1448,30669.45639,5107,6.315245446,22.02844979,39.38686823,6.747280406,32.63958782,32.63958782
11/20/2022,3,54186.30401,15176.81497,19650,3.570334362,6.162786921,11.01906302,3.338899294,7.680163721,2.560054574
11/21/2022,6,75657.96404,18505.24772,24038,4.088459942,8.604829575,15.38543528,4.071154499,11.31428078,1.885713464
11/22/2022,8,209872.0615,49216.07159,51649,4.264299337,23.86944117,42.67856081,10.82753575,31.85102506,3.981378132
11/23/2022,11,143268.4806,26612.68294,20828,5.383466257,16.29439643,29.13438082,5.854790248,23.27959057,2.116326416
11/24/2022,12,154070.4081,28537.0095,14650,5.398968245,17.52293524,31.33100821,6.27814209,25.05286612,2.087738843
11/25/2022,11,190319.7381,37350.12236,14626,5.095558624,21.645691,38.7024955,8.217026919,30.48546858,2.771406235
11/26/2022,12,129333.8591,30044.48547,44223,4.304745351,14.70956601,26.30070403,6.609786804,19.69091722,1.640909769
11/27/2022,11,218246.6382,44353.50545,27620,4.92061757,24.82190938,44.38157396,9.757771198,34.62380277,3.147618433
11/28/2022,14,153536.1625,34623.90339,34116,4.434397842,17.46217373,31.22236662,7.617258746,23.60510788,1.686079134
11/29/2022,17,163700.6134,37731.01278,38293,4.338622299,18.61821023,33.28935988,8.300822812,24.98853707,1.469913945
11/30/2022,19,232196.3265,56613.28037,56526,4.10144625,26.40845339,47.21831467,12.45492168,34.76339299,1.829652262
12/1/2022,20,277971.7974,74526.15428,38668,3.729855648,31.61464856,56.52699162,16.39575394,40.13123768,2.006561884
12/2/2022,17,260735.5539,76733.53853,102531,3.397934708,29.65431377,53.02191303,16.88137848,36.14053455,2.125913797
12/3/2022,16,305334.3989,93302.25856,222602,3.272529558,34.7266874,62.09131707,20.52649688,41.56482018,2.597801261
12/4/2022,19,288912.7065,97504.76403,235795,2.963062466,32.8589942,58.75188164,21.45104809,37.30083355,1.963201766
12/5/2022,17,353557.506,98958.86589,151293,3.572772412,40.21126027,71.89773337,21.7709505,50.12678287,2.948634287
12/6/2022,20,276937.2332,72421.56486,63249,3.823960912,31.49698416,56.31660767,15.93274427,40.3838634,2.01919317
12/7/2022,25,367902.9447,94685.046,73310,3.885544342,41.8428143,74.81495197,20.83071012,53.98424185,2.159369674
12/8/2022,31,467513.0895,136962.524,223445,3.41343804,53.17180432,95.07118612,30.13175528,64.93943084,2.09482035
12/9/2022,34,624761.1751,197903.6421,282659,3.156895792,71.05614729,127.0483914,43.53880127,83.50959008,2.456164414
12/10/2022,34,635340.9777,219995.7209,371787,2.887969707,72.25942311,129.1998485,48.3990586,80.80078992,2.376493821
12/11/2022,35,708392.2152,220264.2942,252709,3.216100993,80.56778109,144.0551926,48.45814472,95.59704787,2.731344225
12/12/2022,41,704791.0519,231636.8661,294148,3.042654927,80.15820892,143.3228776,50.96011054,92.36276701,2.252750415
12/13/2022,45,850000.2485,291222.4325,527901,2.918732054,96.67332937,172.8519129,64.06893516,108.7829778,2.417399506
12/14/2022,53,913181.9331,303609.5585,558216,3.007750934,103.8591906,185.7002327,66.79410287,118.9061299,2.243511884
12/15/2022,56,1050620.285,334924.987,574274,3.136882365,119.4905073,213.649027,73.68349713,139.9655299,2.499384462
12/16/2022,62,1250125.672,378101.1996,484764,3.306325591,142.1809124,254.2194714,83.18226392,171.0372074,2.758664636
12/17/2022,62,1255638.125,406783.6325,665919,3.086746921,142.8078618,255.340457,89.49239914,165.8480578,2.674968674
12/18/2022,62,1267586.273,420190.4353,796102,3.016694734,144.1667641,257.7701742,92.44189576,165.3282784,2.666585136
12/19/2022,64,1352380.944,308396.6696,287027,4.385199573,153.8107414,275.0136056,67.84726731,207.1663383,3.236974036
12/20/2022,68,1082642.758,209071.0767,156864,5.178347838,123.1325287,220.1609612,45.99563688,174.1653243,2.56125477
12/21/2022,76,1172549.434,258148.3385,216412,4.542153712,133.3579112,238.4439452,56.79263447,181.6513107,2.390148825
12/22/2022,80,1024292.392,222929.5859,183138,4.594690237,116.4961492,208.2951148,49.04450889,159.2506059,1.990632573
12/23/2022,85,1119433.404,238704.8768,219760,4.689612625,127.31685,227.6425279,52.5150729,175.127455,2.060323
12/24/2022,80,985884.4623,206372.6321,190549,4.777205447,112.1278888,200.4846652,45.40197907,155.0826861,1.938533577
12/25/2022,82,1057893.413,234132.6187,213991,4.518351262,120.3177041,215.128055,51.50917612,163.6188788,1.995352181
12/26/2022,84,1169581.786,275433.1445,229387,4.246336394,133.0203908,237.8404587,60.59529179,177.2451669,2.11006151
12/27/2022,89,1669848.502,424399.0236,378042,3.934619095,189.917373,339.5722629,93.3677852,246.2044777,2.766342447
12/28/2022,89,1531918.719,328700.1242,282047,4.660535867,174.2301642,311.5235335,72.31402733,239.2095062,2.687747261
12/29/2022,91,1392824.81,290174.9148,187984,4.799949062,158.4105556,283.2380735,63.83848126,219.3995922,2.41098453
12/30/2022,92,1614684.976,359857.3602,262308,4.487013898,183.6434434,328.3544769,79.16861925,249.1858576,2.708541931
12/31/2022,87,898356.9185,146010.0846,94759,6.152704597,102.1730928,182.6854899,32.1222186,150.5632713,1.730612314
1/1/2023,83,841955.4766,146208.4226,72496,5.758597634,95.75837095,171.2159673,32.16585297,139.0501143,1.675302582
1/2/2023,93,1079818.982,210057.6513,126200,5.140583908,122.8113713,219.5867319,46.21268329,173.3740486,1.864237082
1/3/2023,96,1709457.734,402065.8272,316043,4.251686213,194.4222615,347.6270036,88.45448199,259.1725216,2.699713766
1/4/2023,97,1372333.789,251438.1977,165616,5.457936787,156.0800442,279.0711191,55.3164035,223.7547156,2.306749645
1/5/2023,100,1292533.49,244003.1132,143425,5.297200813,147.0040932,262.8433187,53.68068491,209.1626338,2.091626338
1/6/2023,110,1254092.858,242691.5229,152760,5.167435779,142.6321136,255.026219,53.39213503,201.634084,1.833037127
1/7/2023,111,1438407.93,275245.3048,207447,5.225912685,163.594874,292.5076348,60.55396706,231.9536677,2.089672682
1/8/2023,114,1664456.427,360090.9206,259869,4.622322676,189.3041146,338.4757569,79.22000252,259.2557544,2.274173284
1/9/2023,122,2090678.687,477111.3879,349857,4.381950924,237.7797767,425.1502408,104.9645053,320.1857355,2.624473241
1/10/2023,128,2349942.852,549757.0169,447011,4.274511793,267.2667446,477.8729394,120.9465437,356.9263956,2.788487466
1/11/2023,132,1761325.294,355355.1209,270184,4.956521491,200.3213299,358.1745379,78.17812659,279.9964113,2.121184934
1/12/2023,135,2089976.79,395354.504,211729,5.286336108,237.6999476,425.0075064,86.97799087,338.0295155,2.503922337
1/13/2023,144,2356576.499,509777.6852,389265,4.622753345,268.0212112,479.2219256,112.1510907,367.0708349,2.54910302
1/14/2023,145,2570846.014,553526.5394,499000,4.644485551,292.3907892,522.7947311,121.7758387,401.0188925,2.765647534
1/15/2023,147,2689016.888,653649.1781,459271,4.113853392,305.8307522,546.8253849,143.8028192,403.0225657,2.741650107
1/16/2023,152,3021424.588,791683.3636,794555,3.81645583,343.6365753,614.4221966,174.17034,440.2518566,2.896393794
1/17/2023,156,3056926.56,886953.5444,1101640,3.446546416,347.6743315,621.6417047,195.1297798,426.511925,2.734050801
1/18/2023,163,3328043.27,971050.2849,1161112,3.427261515,378.5093284,676.7746792,213.6310627,463.1436165,2.841371881
1/19/2023,169,3144688.085,874179.6268,1081404,3.59730196,357.655739,639.4884614,192.3195179,447.1689435,2.64597008
1/20/2023,172,3539027.747,1081594.659,1650137,3.272046249,402.5052882,719.6794553,237.9508249,481.7286304,2.800747851
1/21/2023,172,3421462.428,1092215.262,1670111,3.132589835,389.1341971,695.7719445,240.2873577,455.4845868,2.648166202
1/22/2023,173,3853567.345,1155791.164,1538749,3.334138091,438.2789133,783.642697,254.2740561,529.3686409,3.05993434
1/23/2023,177,3749425.29,1057269.287,1303900,3.546329526,426.4344942,762.4648756,232.5992432,529.8656325,2.993591144
1/24/2023,188,3909446.725,1108907.972,1337155,3.525492487,444.6342593,795.0060557,243.9597539,551.0463018,2.93109735
1/25/2023,199,4175144.041,1292967.278,1851316,3.2291181,474.8528907,849.0369685,284.4528012,564.5841673,2.837106368
1/26/2023,209,4136596.66,1122791.867,1251091,3.684206113,470.4687699,841.1981606,247.0142107,594.1839499,2.842985406
1/27/2023,223,5426262.403,1444859.217,1485116,3.755564791,617.1467049,1103.458308,317.8690277,785.5892806,3.522821886
1/28/2023,222,4109297.204,1117820.197,1408704,3.676170116,467.3639128,835.6466762,245.9204434,589.7262328,2.656424472
1/29/2023,224,4529176.972,1202602.321,1332382,3.766146876,515.1182226,921.0313821,264.5725105,656.4588715,2.930619962
1/30/2023,232,4349712.456,1036077.244,999210,4.198251125,494.7071317,884.5363516,227.9369937,656.5993578,2.830169646
1/31/2023,241,4683238.63,1127831.567,994372,4.152427337,532.6401627,952.3606109,248.1229447,704.2376662,2.922147992
2/1/2023,248,4867002.747,1115023.523,783007,4.364932797,553.5402612,989.7299871,245.3051751,744.424812,3.001712952
2/2/2023,255,4456837.697,953147.817,682494,4.675914499,506.8908385,906.3208192,209.6925197,696.6282994,2.731875684
2/3/2023,261,4192200.326,864209.5931,538548,4.850906955,476.7927581,852.5054515,190.1261105,662.3793411,2.537851881
2/4/2023,261,3853013.491,829683.1684,641349,4.643957643,438.2159216,783.5300679,182.530297,600.9997708,2.302681114
2/5/2023,265,4202937.678,973227.9799,689023,4.318554095,478.0139525,854.6889472,214.1101556,640.5787916,2.417278459
2/6/2023,273,4513745.519,1170035.543,1067649,3.857784959,513.3631525,917.8933167,257.4078194,660.4854973,2.419360796
2/7/2023,282,4920686.911,1451237.124,1805941,3.390684286,559.6459382,1000.646937,319.2721672,681.3747702,2.416222589
2/8/2023,295,5502113.611,1591292.823,2045579,3.45763742,625.7735127,1118.883041,350.084421,768.7986197,2.606097016
2/9/2023,302,6536245.611,1831212.568,2205548,3.569353839,743.388753,1329.17909,402.866765,926.3123254,3.067259356
2/10/2023,309,5638426.704,1486103.911,1582041,3.794099901,641.27685,1146.603008,326.9428605,819.6601473,2.652621836
2/11/2023,310,5200966.819,1121190.617,848288,4.638789105,591.5230957,1057.643295,246.6619357,810.9813594,2.616068901
2/12/2023,312,5154417.873,1134959.231,728451,4.541500462,586.2289307,1048.177328,249.6910309,798.4862972,2.559250953
2/13/2023,319,4280442.702,951609.3642,715009,4.498109059,486.8288543,870.4499915,209.3540601,661.0959314,2.072401039
2/14/2023,330,4425754.527,1111783.769,1153344,3.98076915,503.3556471,899.999897,244.5924291,655.4074679,1.986083236
2/15/2023,336,5037027.44,1253933.925,1294596,4.016979955,572.8777299,1024.305381,275.8654634,748.4399177,2.227499755
2/16/2023,348,5581188.054,1173963.301,723732,4.754141847,634.7669098,1134.963235,258.2719261,876.6913086,2.519227898
2/17/2023,357,5700311.769,1097355.188,694534,5.194591353,648.3152424,1159.187653,241.4181413,917.7695121,2.570782947
2/18/2023,350,4505940.163,830260.0053,413971,5.427143467,512.4754238,916.3060577,182.6572012,733.6488565,2.09613959
2/19/2023,360,4888812.347,1010099.897,580517,4.839929557,556.0207389,994.1650812,222.2219773,771.9431039,2.1442864
2/20/2023,370,6327541.983,1325444.204,761315,4.773902939,719.6522017,1286.738137,291.597725,995.1404116,2.68956868
2/21/2023,376,5690180.05,1152214.269,612855,4.938473863,647.1629286,1157.127316,253.4871391,903.6401773,2.403298344
2/22/2023,387,7154331.359,1619883.443,1548610,4.416571691,813.6856819,1454.869999,356.3743575,1098.495642,2.838490031
2/23/2023,395,6274189.334,1365313.956,676337,4.595418736,713.5842291,1275.888602,300.3690703,975.5195313,2.4696697
2/24/2023,409,7443409.489,1858747.508,1418350,4.004529639,846.5634904,1513.655521,408.9244518,1104.731069,2.701053958
2/25/2023,399,6775915.326,1730037.307,1374306,3.9166296,770.6471795,1377.917157,380.6082076,997.3089494,2.499521176
2/26/2023,403,7014049.668,1911516.263,1900145,3.66936437,797.730983,1426.342998,420.5335778,1005.80942,2.495805012
2/27/2023,412,7521355.17,2044274.211,2024402,3.67923008,855.4285095,1529.506175,449.7403265,1079.765848,2.620790894
2/28/2023,420,7122798.74,1910141.576,1867966,3.728937597,810.0993733,1448.45768,420.2311468,1028.226533,2.448158411
3/1/2023,432,7014848.72,1926966.659,2318202,3.640358117,797.8218618,1426.505489,423.932665,1002.572824,2.320770426
3/2/2023,441,7174030.684,1914383.913,1922792,3.747435734,815.9261512,1458.875958,421.1644609,1037.711497,2.353087296
3/3/2023,451,7970290.751,2043886.721,1754271,3.899575583,906.4874326,1620.799529,449.6550786,1171.144451,2.596772618
3/4/2023,453,8054587.598,1851675.601,1112717,4.349891306,916.0747908,1637.941726,407.3686322,1230.573094,2.716496896
3/5/2023,461,8137160.272,2040011.748,1508702,3.988781085,925.4660531,1654.733303,448.8025845,1205.930718,2.615901775
3/6/2023,473,8419425.37,2189116.364,1833442,3.846038296,957.5689929,1712.133359,481.6056,1230.527759,2.601538603
3/7/2023,485,9497831.883,2606335.301,2673051,3.644132771,1080.219719,1931.432858,573.3937662,1358.039092,2.800080602
3/8/2023,495,10008615.26,2976453.677,3570450,3.362597355,1138.312796,2035.30328,654.8198089,1380.483471,2.788855496
3/9/2023,510,10393009.95,2975245.734,3461364,3.493160189,1182.031271,2113.471913,654.5540615,1458.917851,2.860623238
3/10/2023,514,10555803.51,3093041.959,4107907,3.41275794,1200.546319,2146.576818,680.4692311,1466.107587,2.85234939
3/11/2023,512,8570319.95,2303008.838,2588468,3.72135782,974.7307307,1742.818547,506.6619445,1236.156602,2.414368363
3/12/2023,514,9176641.968,2125191.765,2020127,4.31803008,1043.689732,1866.117241,467.5421883,1398.575052,2.720963137
3/13/2023,504,4557218.734,730625.5319,318172,6.237420586,518.3075045,926.7338181,160.737617,765.9962011,1.519833732
3/14/2023,535,7051138.879,1560415.965,839836,4.51875592,801.9492612,1433.885279,343.2915123,1090.593767,2.038493022
3/15/2023,550,7279082.02,1804155.304,1627990,4.034620524,827.8739858,1480.238687,396.914167,1083.32452,1.969680945
3/16/2023,557,7832978.299,1673944.407,989290,4.679353906,890.8704349,1592.876338,368.2677695,1224.608568,2.198579117
3/17/2023,557,5938382.592,1134030.28,452079,5.236529125,675.3918217,1207.600577,249.4866617,958.1139155,1.720132703
3/18/2023,506,3042935.274,473244.0294,215992,6.429949635,346.0830565,618.796505,104.1136865,514.6828185,1.01715972
3/19/2023,526,4842708.519,848720.9695,346527,5.705890032,550.7771987,984.7896312,186.7186133,798.071018,1.517245281
3/20/2023,577,7833802.142,1545572.869,717998,5.068542737,890.9641333,1593.04387,340.0260313,1253.017839,2.17160804
3/21/2023,580,6390181.597,1105690.731,441023,5.77935712,726.7764113,1299.476223,243.2519607,1056.224263,1.821076315
3/22/2023,596,7669400.961,1345831.363,543960,5.698634442,872.2662452,1559.612046,296.0829,1263.529147,2.120015346
3/23/2023,581,4382825.016,734064.6812,273868,5.970625107,498.4731323,891.2699605,161.4942299,729.7757307,1.256068383
3/24/2023,592,4673370.255,816315.9617,738910,5.724952683,531.5177999,950.3538261,179.5895116,770.7643146,1.301966748
3/25/2023,620,7174670.587,1369228.487,736449,5.23993669,815.9989295,1459.006086,301.2302672,1157.775819,1.867380353
3/26/2023,622,8305720.327,1753117.082,801780,4.737687183,944.6369437,1689.010855,385.6857579,1303.325097,2.09537797
3/27/2023,655,8968434.049,2206931.005,1846880,4.063758236,1020.009559,1823.777092,485.5248212,1338.252271,2.043133238
3/28/2023,669,10948532.99,2722486.31,2336316,4.021519944,1245.212737,2226.440375,598.9469883,1627.493386,2.43272554
3/29/2023,681,8930762.764,1693933.214,863941,5.272204765,1015.72508,1816.116443,372.6653071,1443.451135,2.119605192
3/31/2023,689,7027435.582,1193427.51,431083,5.888447791,799.2534071,1429.065092,262.5540521,1166.51104,1.693049405
4/1/2023,697,8294208.405,1500252.126,537609,5.52854301,943.3276548,1686.669847,330.0554677,1356.614379,1.946362093
4/2/2023,708,8239787.327,1946706.359,1315335,4.232681158,937.1381663,1675.603041,428.275399,1247.327642,1.761762207
4/4/2023,738,11243402.59,2654388.147,1997932,4.235779385,1278.749228,2286.40362,583.9653923,1702.438228,2.306826867
4/5/2023,752,7672545.434,1843029.737,1794594,4.163006858,872.6238765,1560.251491,405.4665421,1154.784949,1.535618283
4/6/2023,778,11503259.81,2525878.868,1583064,4.554161309,1308.303646,2339.24692,555.693351,1783.553569,2.292485307
4/8/2023,771,7285726.904,1489248.664,873105,4.892216511,828.6297304,1481.589958,327.6347061,1153.955252,1.496699419
4/9/2023,718,5078552.974,910391.1744,416103,5.578429489,577.6005657,1032.749812,200.2860584,832.4637532,1.159420269
4/10/2023,747,6570620.003,1150181.14,474801,5.712682791,747.2982659,1336.169299,253.0398507,1083.129449,1.449972488
4/11/2023,748,5619438.386,1047897.35,591228,5.362584784,639.117246,1142.741636,230.537417,912.2042189,1.219524357
4/12/2023,772,7031492.269,1338041.525,668859,5.255062818,799.7147874,1429.89004,294.3691356,1135.520904,1.470882001
4/13/2023,801,8592142.54,1723470.173,852785,4.985373505,977.2126858,1747.256282,379.1634382,1368.092844,1.707981079
4/14/2023,781,6121887.85,1284871.539,921464,4.764591374,696.2624794,1244.917313,282.6717385,962.2455746,1.232068597
4/15/2023,746,6515374.065,1281127.683,633317,5.085655515,741.0149634,1324.934755,281.8480902,1043.086664,1.398239496
4/16/2023,792,9061321.809,1693316.435,731816,5.351227698,1030.57399,1842.666295,372.5296157,1470.136679,1.85623318
4/18/2023,786,6361194.08,1208138.756,595721,5.265284348,723.4795656,1293.581463,265.7905263,1027.790937,1.307622057
4/19/2023,734,4614611.838,828683.1105,359043,5.56860853,524.8350114,938.4050004,182.3102843,756.0947161,1.030101793
4/20/2023,809,8459944.481,1683444.159,748042,5.025378736,962.1773649,1720.373128,370.3577151,1350.015413,1.668745876
4/21/2023,796,6010128.626,1051302.162,471118,5.716842258,683.5517346,1222.190501,231.2864756,990.9040258,1.244854304
4/22/2023,746,5383177.689,955714.5744,454885,5.632620694,612.2465384,1094.696811,210.2572064,884.4396043,1.185575877
4/23/2023,710,4315447.426,714972.742,363772,6.03582091,490.810057,877.568382,157.2940032,720.2743787,1.014470956
4/24/2023,796,7776858.991,1504936.907,705616,5.167564802,884.4878011,1581.464188,331.0861196,1250.378069,1.570826719
4/25/2023,829,8551216.823,1854622.596,972109,4.610758459,972.5580691,1738.933828,408.0169711,1330.916856,1.60544856
4/26/2023,854,10698720.09,2457575.315,1674924,4.353364076,1216.800693,2175.639639,540.6665694,1634.973069,1.914488372
4/27/2023,843,7945615.329,1795451.391,1435619,4.425413782,903.6810156,1615.781656,394.9993059,1220.78235,1.448140391
4/28/2023,845,8441165.502,1500104.473,698284,5.627051752,960.0415698,1716.554327,330.022984,1386.531343,1.640865494
4/29/2023,761,4452808.128,750042.2555,416467,5.936743024,506.4325423,905.5013856,165.0092962,740.4920894,0.973051366
4/30/2023,670,3236038.414,580540.0173,284327,5.574186649,368.0453129,658.0650195,127.7188038,530.3462157,0.791561516
5/2/2023,656,4003724.773,732365.5143,666376,5.46683957,455.3568124,814.1779805,161.1204131,653.0575674,0.995514584
5/3/2023,749,4953233.789,1002248.695,605335,4.942120466,563.3476018,1007.265512,220.4947129,786.770799,1.050428303
5/4/2023,640,2749877.287,501204.6432,279040,5.486535938,312.7526058,559.2016592,110.2650215,448.9366377,0.701463496
5/5/2023,326,980384.9447,142379.6282,72792,6.885710807,111.5024105,199.36631,31.32351821,168.0427918,0.515468687
5/6/2023,340,1044683.737,146191.6899,54910,7.145985782,118.8153241,212.4417995,32.16217177,180.2796277,0.530234199
5/7/2023,205,537793.6757,73492.23206,28468,7.317694138,61.165047,109.363104,16.16829105,93.19481298,0.454608844
5/8/2023,193,476846.0503,68276.53053,33486,6.984040439,54.23327271,96.9690916,15.02083672,81.94825488,0.424602357
5/9/2023,286,1084864.22,154783.3101,43307,7.00892247,123.3851828,220.6127069,34.05232821,186.5603786,0.652309016
5/10/2023,449,1984520.152,284809.5205,89733,6.967885584,225.7060167,403.5623579,62.65809451,340.9042634,0.759252257
5/11/2023,482,2031230.139,289793.3683,69962,7.009236099,231.0184974,413.0610734,63.75454103,349.3065324,0.724702349
5/12/2023,469,1439657.191,199047.6717,57759,7.2327256,163.7369566,292.7616784,43.79048777,248.9711906,0.530855417
5/13/2023,202,402410.4713,55604.17753,18792,7.237054646,45.76746901,81.83223459,12.23291906,69.59931554,0.344551067
5/14/2023,152,393389.0057,59142.88525,20400,6.651501766,44.741428,79.99767326,13.01143475,66.98623851,0.440698938
5/15/2023,360,1865801.449,314901.5761,135977,5.925030518,212.2037474,379.4203003,69.27834674,310.1419535,0.861505426
5/16/2023,586,3160730.04,548185.0022,238215,5.765809038,359.4802434,642.7506753,120.6007005,522.1499748,0.891040913
5/17/2023,630,3114888.994,532364.4514,279828,5.851046189,354.2665902,633.4286633,117.1201793,516.308484,0.819537276
5/18/2023,679,3742377.023,692421.3171,330721,5.404768644,425.6328716,761.0315744,152.3326898,608.6988846,0.896463748
5/19/2023,562,2001899.448,327995.848,118440,6.103429237,227.6826213,407.0965269,72.15908655,334.9374404,0.595974093
5/20/2023,275,617638.5068,84502.81407,37726,7.309088029,70.24606275,125.5999602,18.5906191,107.0093411,0.389124877
5/21/2023,112,230964.5139,32519.77158,28592,7.10227971,26.26835529,46.96781926,7.154349748,39.81346951,0.355477406
5/22/2023,58,102784.7187,14666.25211,10736,7.008247095,11.69004478,20.90180007,3.226575464,17.6752246,0.304745252
5/23/2023,128,252483.1258,40837.03481,15648,6.182699772,28.71573794,51.34373943,8.984147658,42.35959177,0.330934311
5/24/2023,303,1113166.542,178372.7597,70966,6.240675673,126.6040992,226.3681294,39.24200714,187.1261223,0.617577961
5/26/2023,412,1335512.19,212022.7878,81626,6.298908733,151.8922024,271.5832579,46.64501331,224.9382446,0.545966613
5/27/2023,356,980055.9945,155755.5213,108632,6.292271285,111.464998,199.2994163,34.2662147,165.0332016,0.463576409
5/28/2023,118,201286.5094,30760.72778,22526,6.543619867,22.89297804,40.93264473,6.767360111,34.16528462,0.28953631
5/29/2023,199,482125.9029,75867.07988,32460,6.354876234,54.83376775,98.04277673,16.69075757,81.35201916,0.408804116
5/30/2023,315,1217823.407,192702.6107,90943,6.319703726,138.5070693,247.6506399,42.39457436,205.2560656,0.651606557
5/31/2023,272,712072.552,91545.01033,53293,7.778387369,80.98635792,144.803608,20.13990227,124.6637057,0.458322447
6/1/2023,249,1431444.071,34005.558,114580,42.09441501,162.8028514,291.0914983,7.481222759,283.6102755,1.13899709
6/3/2023,157,477301.0118,5369.166498,31287,88.89666803,54.28501698,97.06161036,1.18121663,95.88039373,0.610703145
6/4/2023,84,200287.1412,3311.029361,45047,60.49089856,22.7793166,40.72941808,0.728426459,40.00099162,0.476202281
6/5/2023,107,298142.0807,3026.625388,100534,98.50643621,33.90868134,60.62872224,0.665857585,59.96286466,0.560400604
6/6/2023,96,332555.7284,6154.187334,45636,54.03730994,37.8226589,67.62691412,1.353921213,66.2729929,0.690343676
6/7/2023,95,235879.7274,2061.737001,39540,114.4082525,26.82737872,47.96735316,0.45358214,47.51377102,0.500144958
6/8/2023,68,128690.8176,2332.169111,16925,55.18074011,14.63643078,26.16993823,0.513077204,25.65686103,0.37730678
6/9/2023,48,51812.20738,462.028111,16751,112.1408117,5.892773088,10.53627828,0.101646184,10.4346321,0.217388169
6/10/2023,12,16559,50,3261,331.18,1.883309639,3.367357634,0.011,3.356357634,0.27969647
6/11/2023,13,11228,7,4773,1604,1.276997441,2.283271425,0.00154,2.281731425,0.175517802
6/12/2023,21,5277,33,12119,159.9090909,0.6001706,1.073105033,0.00726,1.065845033,0.050754525
6/13/2023,23,9785,115,23667,85.08695652,1.112880296,1.989829969,0.0253,1.964529969,0.085414346
6/14/2023,22,12189,100,14686,121.89,1.386295138,2.478695707,0.022,2.456695707,0.111667987
6/15/2023,21,14268,129,27322,110.6046512,1.622746659,2.901471026,0.02838,2.873091026,0.136813858
6/16/2023,22,9993,70,9392,142.7571429,1.136536821,2.032127836,0.0154,2.016727836,0.091669447
6/17/2023,22,18576,40,13603,464.4,2.112709696,3.777524936,0.0088,3.768724936,0.171305679
6/18/2023,16,21240.88807,41.137056,16516,516.3443896,2.415796198,4.319443602,0.009050152,4.310393449,0.269399591
6/19/2023,17,16419,149,11273,110.1946309,1.867386978,3.338887916,0.03278,3.306107916,0.194476936
6/20/2023,22,36866.70576,123.09375,11940,299.5010369,4.192971937,7.497033823,0.027080625,7.469953198,0.339543327
6/21/2023,21,18624,55,8057,338.6181818,2.118168894,3.787285982,0.0121,3.775185982,0.179770761
6/22/2023,19,21513,496,26061,43.37298387,2.446744384,4.374778959,0.10912,4.265658959,0.224508366
6/23/2023,25,24713,83,19711,297.746988,2.81069093,5.025515382,0.01826,5.007255382,0.200290215
6/24/2023,10,1996,30,3129,66.53333333,0.227011658,0.405896844,0.0066,0.399296844,0.039929684
6/25/2023,10,20462,17,5196,1203.647059,2.327210691,4.161052715,0.00374,4.157312715,0.415731272
6/26/2023,23,13759,707,18070,19.46110325,1.564856412,2.797963264,0.15554,2.642423264,0.114887968
6/27/2023,41,40729,2451,19492,16.61729906,4.632243389,8.28245118,0.53922,7.74323118,0.188859297
6/28/2023,45,78948,4151,56745,19.01903156,8.979016207,16.05448098,0.91322,15.14126098,0.336472466
6/29/2023,41,43630,1261,35566,34.59952419,4.962183679,8.872384419,0.27742,8.594964419,0.209633279
6/30/2023,41,48363,1738,32084,27.82681243,5.500483367,9.834864259,0.38236,9.452504259,0.230548884
7/1/2023,39,93617,2804,30088,33.38694722,10.64736992,19.03749741,0.61688,18.42061741,0.472323523
7/2/2023,43,125528,211,11507,594.9194313,14.27671311,25.52676304,0.04642,25.48034304,0.592566117
7/3/2023,58,131601,2056,43787,64.00826848,14.96741541,26.76173875,0.45232,26.30941875,0.453610668
7/4/2023,70,183837.7642,5930.213389,55346,31.00019378,20.90847475,37.38435285,1.304646946,36.07970591,0.51542437
7/5/2023,127,559724.2326,10492.76711,78683,53.34381548,63.6592815,113.8227953,2.308408764,111.5143866,0.878066036
7/6/2023,92,297366.2988,1835.173472,67002,162.0371607,33.82044911,60.47096301,0.403738164,60.06722485,0.652904618
7/7/2023,36,56353,412,29416,136.7791262,6.409212397,11.45967177,0.09064,11.36903177,0.315806438
7/8/2023,14,8882.706319,830.029639,12314,10.70167365,1.010259462,1.806343918,0.182606521,1.623737397,0.115981243
7/9/2023,2,528,9,4709,58.66666667,0.06005118,0.10737151,0.00198,0.10539151,0.052695755
7/10/2023,21,18067,2097,12332,8.615641392,2.054819448,3.674017174,0.46134,3.212677174,0.152984627
7/11/2023,25,21115,4099,13598,5.151256404,2.401478533,4.293843617,0.90178,3.392063617,0.135682545
7/12/2023,28,30686.42427,7592,93098,4.04194208,3.490068157,6.240241865,1.67024,4.570001865,0.163214352
7/13/2023,32,55891,11969,58447,4.669646587,6.356667614,11.36572169,2.63318,8.732541695,0.272891928
7/14/2023,40,52577,9297,48830,5.655265139,5.979755473,10.69180279,2.04534,8.646462786,0.21616157
7/15/2023,20,7182,1526,12451,4.706422018,0.816832528,1.46049656,0.33572,1.12477656,0.056238828
7/16/2023,20,24998,5155,14197,4.849272551,2.843104919,5.083471595,1.1341,3.949371595,0.19746858
7/17/2023,39,58187,12559,40609,4.633091807,6.617799261,11.83262508,2.76298,9.069645078,0.232555002
7/18/2023,46,51428,11348,37011,4.531899894,5.849075917,10.45814774,2.49656,7.96158774,0.173077994
7/19/2023,54,159700,34003,73218,4.696644414,18.16320728,32.47581461,7.48066,24.99515461,0.462873234
7/20/2023,59,73474,15644,44274,4.696624904,8.356440148,14.94131498,3.44168,11.49963498,0.194909068
7/21/2023,63,196977,36465,24813,5.401809955,22.40284333,40.05628388,8.0223,32.03398388,0.508475935
7/22/2023,103,423567.8934,67035.34656,52006,6.318575426,48.17377236,86.13470497,14.74777624,71.38692873,0.693076978
7/23/2023,116,663147.4033,105728.5881,177279,6.272167399,75.42193953,134.8544279,23.26028938,111.5941385,0.962018435
7/24/2023,71,222123,39310,81835,5.650546935,25.26278078,45.16985203,8.6482,36.52165203,0.514389465
7/25/2023,109,351167,60338,58204,5.819997348,39.93938015,71.41161171,13.27436,58.13725171,0.533369282
7/26/2023,114,389835.2818,65552.82653,76662,5.946887456,44.33725127,79.27500527,14.42162184,64.85338343,0.568889328
7/27/2023,148,884414.2504,139457.4557,144674,6.341821208,100.5873472,179.8501768,30.68064026,149.1695366,1.007902274
7/28/2023,69,198217,33644,62376,5.891600285,22.54387262,40.30844424,7.40168,32.90676424,0.476909627
7/29/2023,25,79048,13827,8952,5.716930643,8.990389537,16.07481649,3.04194,13.03287649,0.52131506
7/30/2023,53,184564.2307,35282.07092,12806,5.231105373,20.99109818,37.53208354,7.762055602,29.77002794,0.56169864
7/31/2023,90,702120.387,104295.9401,36569,6.732001135,79.8544654,142.7797841,22.94510682,119.8346773,1.331496415
8/1/2023,85,444815,70905,39162,6.273393978,50.5902758,90.45541314,15.5991,74.85631314,0.880662507
8/2/2023,111,524663.1609,85401.70175,87868,6.143474312,59.67167028,106.6929465,18.78837439,87.90457207,0.791933082
8/3/2023,114,560758.3987,98230.67642,62428,5.70858737,63.77690062,114.0330983,21.61074881,92.42234951,0.810722364
8/4/2023,105,493586.3821,93339.40853,47131,5.288081314,56.13720581,100.373324,20.53466988,79.83865411,0.760368134
8/5/2023,167,1176951.625,196511.5665,44371,5.98922316,133.8585869,239.3391534,43.23254463,196.1066087,1.17429107
8/6/2023,284,2561437.645,433377.6969,256924,5.910404857,291.3207444,520.8814909,95.34309333,425.5383976,1.498374639
8/7/2023,286,2149870.618,344100.7378,107254,6.247794269,244.5118701,437.1872237,75.70216231,361.4850614,1.263933781
8/8/2023,244,1608870.59,267284.485,106299,6.019319041,182.9821541,327.1720916,58.80258671,268.3695049,1.09987502
8/9/2023,204,986572.4273,161922.4165,140126,6.092871196,112.2061333,200.6245664,35.62293162,165.0016348,0.808831543
8/10/2023,106,464123.5731,76208.28403,56210,6.090198448,52.78630345,94.38191057,16.76582249,77.61608809,0.732227246
8/11/2023,48,121663.2112,19732.06128,49526,6.165762892,13.83715794,24.7408384,4.341053481,20.39978492,0.424995519
8/12/2023,26,47439,7333,11973,6.469248602,5.395393802,9.646964117,1.61326,8.033704117,0.30898862
8/13/2023,23,25728,4029,8009,6.385703649,2.926130225,5.231920842,0.88638,4.345540842,0.188936558
8/14/2023,33,38824,6919,20655,5.611215494,4.415581461,7.895059653,1.52218,6.372879653,0.193117565
8/15/2023,29,33140,6545,25716,5.063407181,3.76912141,6.739189082,1.4399,5.299289082,0.182734106
8/16/2023,37,46475,8054,11856,5.770424634,5.285754905,9.45092977,1.77188,7.67904977,0.207541886
8/17/2023,33,78213,15099,24527,5.180011921,8.895422235,15.90501496,3.32178,12.58323496,0.38131015
8/18/2023,34,63408,13485,91526,4.702113459,7.211600796,12.89434222,2.9667,9.927642223,0.291989477
8/19/2023,16,11654,2170,14503,5.370506912,1.325447825,2.369900711,0.4774,1.892500711,0.118281294
8/20/2023,15,22207,3511,8036,6.324978639,2.525675291,4.515907421,0.77242,3.743487421,0.249565828
8/21/2023,27,23483.75221,4060.171723,14234,5.783930782,2.670884527,4.775541535,0.893237779,3.882303756,0.143789028
8/22/2023,23,11582,2061,6727,5.619602135,1.317259028,2.355259141,0.45342,1.901839141,0.082688658
8/23/2023,35,32052,5589,14815,5.734836286,3.645379585,6.517938698,1.22958,5.288358698,0.151095963
8/24/2023,37,62194,10918,49962,5.696464554,7.073528575,12.64746909,2.40196,10.24550909,0.276905651
8/25/2023,37,99534,19306,79645,5.155599296,11.32032983,20.24074973,4.24732,15.99342973,0.432254858
8/26/2023,51,168242.3862,30868.46339,20604,5.450300005,19.13476101,34.21295268,6.791061946,27.42189074,0.537684132
8/27/2023,110,702646.2226,130006.2423,92022,5.404711421,79.91427042,142.8867155,28.60137331,114.2853422,1.038957656
8/28/2023,152,891769.1274,154559.6071,78870,5.769742457,101.4238416,181.3458288,34.00311356,147.3427152,0.969359969
8/29/2023,196,1334853.985,243517.7426,228955,5.481547136,151.8173426,271.4494086,53.57390338,217.8755052,1.11160972
8/30/2023,325,2676821.794,475723.7627,351771,5.626840625,304.4437639,544.3454499,104.6592278,439.6862221,1.352880683
8/31/2023,397,3009690.936,533087.9103,275930,5.645768508,342.3020684,612.0360983,117.2793403,494.756758,1.246238685
9/1/2023,356,2850486.994,479103.7591,252208,5.949623522,324.1952794,579.6611596,105.402827,474.2583326,1.332186328
9/2/2023,200,1050179.8,176328.6936,86295,5.955807749,119.4404094,213.5594521,38.7923126,174.7671395,0.873835697
9/3/2023,140,557407.2448,98863.38833,154733,5.638156391,63.39576284,113.351624,21.74994543,91.60167852,0.654297704
9/4/2023,134,542434.9993,99412.62603,59787,5.456399464,61.69292003,110.306941,21.87077773,88.43616328,0.659971368
9/5/2023,59,178262.9016,27133.39442,41144,6.569871018,20.27442725,36.25067592,5.969346772,30.28132915,0.513242867
9/6/2023,30,31488,6528,18692,4.823529412,3.581234006,6.403246403,1.43616,4.967086403,0.165569547
9/7/2023,30,28654,5444,29198,5.263409258,3.258913847,5.826937958,1.19768,4.629257958,0.154308599
9/8/2023,34,26764,4811,36177,5.563084598,3.043957919,5.442596759,1.05842,4.384176759,0.128946375
9/9/2023,21,15792,4779,44758,3.304456999,1.796076201,3.211384248,1.05138,2.160004248,0.102857345
9/10/2023,12,12414,4379,30684,2.834893811,1.411885129,2.524450611,0.96338,1.561070611,0.130089218
9/11/2023,25,21381,6011,43044,3.556978872,2.431731589,4.347936082,1.32242,3.025516082,0.121020643
9/12/2023,38,33566,8206,49848,4.090421643,3.817571794,6.825818368,1.80532,5.020498368,0.132118378
9/13/2023,64,152321,36441,49439,4.179934689,17.32396929,30.97525709,8.01702,22.95823709,0.358722455
9/14/2023,115,438194,84142,48342,5.20779159,49.83724765,89.10899881,18.51124,70.59775881,0.613893555
9/15/2023,147,733446.2848,149987.8572,120037,4.890037757,83.41726298,149.1500662,32.99732858,116.1527376,0.790154678
9/16/2023,95,558000.0519,104282.9356,96354,5.350828001,63.46318475,113.4721743,22.94224583,90.5299285,0.952946616
9/17/2023,87,340562,58500,43503,5.82157265,38.73323856,69.25503054,12.87,56.38503054,0.648103799
9/18/2023,77,280779,44413,32560,6.322000315,31.93392096,57.09785067,9.77086,47.32699067,0.614636242
9/19/2023,200,1314868,220033,79397,5.975776361,149.5442707,267.385156,48.40726,218.977896,1.09488948
9/20/2023,168,976472,153107,65927,6.377709706,111.0573784,198.5705927,33.68354,164.8870527,0.981470552
9/21/2023,295,2171592.151,364863.9311,131676,5.951786313,246.9823317,441.604409,80.27006484,361.3343442,1.224862184
9/22/2023,597,5732938.631,1011832.868,382680,5.665894845,652.0260029,1165.822493,222.603231,943.2192623,1.579931763
9/23/2023,907,10367542.62,1861791.606,626711,5.568583821,1179.134787,2108.292999,409.5941534,1698.698846,1.872876346
9/24/2023,969,9461418.035,1768050.267,607542,5.351328643,1076.078253,1924.027916,388.9710587,1535.056857,1.584166003
9/25/2023,760,6356692.761,1089019.263,404500,5.837080185,722.9676157,1292.666097,239.5842379,1053.081859,1.385634025
9/26/2023,529,3701785,616738,253244,6.002200286,421.016207,752.7769781,135.68236,617.0946181,1.166530469
9/27/2023,416,2457147.595,396294.7498,143713,6.200303173,279.4594933,499.673574,87.18484496,412.488729,0.991559445
9/28/2023,256,1451791,241121,150446,6.021006051,165.1169747,295.2291508,53.04662,242.1825308,0.946025511
9/29/2023,369,2397919,395753,148637,6.059130316,272.72323,487.6291353,87.06566,400.5634753,1.085537873
9/30/2023,679,6299744.3,1081232.068,322032,5.826449739,716.4906796,1281.085335,237.871055,1043.21428,1.536398056
10/1/2023,432,3152380.389,513461.8737,143350,6.139463415,358.53061,641.0527307,112.9616122,528.0911185,1.222433145
10/2/2023,186,931937,152644,102569,6.105297293,105.9922661,189.5141719,33.58168,155.9324919,0.83834673
10/3/2023,362,2662016,463089,142098,5.748389618,302.7598521,541.3346156,101.87958,439.4550356,1.213964187
10/4/2023,820,8397906.165,1483420.608,579818,5.661176688,955.1215428,1707.757318,326.3525338,1381.404785,1.684639981
10/5/2023,1025,11052245,1856505,451498,5.95325356,1257.008246,2247.530743,408.4311,1839.099643,1.794243554
10/6/2023,1053,10086490,1660296,388614,6.075115522,1147.169747,2051.139508,365.26512,1685.874388,1.601020311
10/7/2023,625,4708695.506,721062.3213,122484,6.530219881,535.5354571,957.5373972,158.6337107,798.9036865,1.278245898
10/8/2023,652,5580586.928,963862.0104,123307,5.78981936,634.6985418,1134.840993,212.0496423,922.7913504,1.415324157
10/9/2023,742,7450421,1166061,210517,6.38939215,847.3609326,1515.081348,256.53342,1258.547928,1.696156237
10/10/2023,622,4263575,677709,179369,6.29115889,484.910435,867.0198578,149.09598,717.9238778,1.154218453
10/11/2023,579,4249111,653426,191340,6.502818988,483.2653966,864.0785292,143.75372,720.3248092,1.244084299
10/12/2023,1097,12147171,2004243,636193,6.060727666,1381.537788,2470.189565,440.93346,2029.256105,1.84982325
10/13/2023,947,8709071.114,1258443.35,301103,6.920511053,990.5113579,1771.034308,276.857537,1494.176771,1.57780018
10/14/2023,1743,25489586.29,5241450.804,2307592,4.863078419,2899.014648,5183.43819,1153.119177,4030.319013,2.31228859
10/15/2023,2751,73312114.53,17278973.9,10317720,4.242851164,8338.02838,14908.39474,3801.374259,11107.02049,4.037448377
10/16/2023,3049,81063562.79,18361205.17,10976594,4.414936931,9219.626135,16484.69153,4039.465137,12445.22639,4.081740371
10/17/2023,3163,81919802.92,18969460.87,10868778,4.318509812,9317.009147,16658.81235,4173.281392,12485.53096,3.94736989
10/18/2023,3322,102889865.4,24052466.36,13772869,4.277726193,11702.00345,20923.18217,5291.5426,15631.63957,4.70549054
10/19/2023,3096,63636107.81,11461615.5,4323025,5.552106315,7237.544249,12940.72912,2521.55541,10419.17371,3.365366184
10/20/2023,3254,92192421.19,19213512.27,8267828,4.798311725,10485.34787,18747.802,4226.972698,14520.8293,4.462455225
10/21/2023,3134,59105017.38,10515723.24,3497675,5.620632653,6722.208403,12019.30862,2313.459112,9705.849513,3.096952621
10/22/2023,3142,57747849.05,10662101.86,3565813,5.416178706,6567.853176,11743.32148,2345.662409,9397.659069,2.990979971
10/23/2023,3384,87705975.15,17817614.49,8186783.788,4.922430846,9975.089582,17835.46017,3919.875187,13915.58498,4.112170504
10/24/2023,3417,83262593.33,15569908.71,6022191.731,5.347660982,9469.729124,16931.87567,3425.379917,13506.49576,3.952735077
10/25/2023,3563,115324612.9,23784272.04,11236028.95,4.84877623,13116.24827,23451.85191,5232.539849,18219.31206,5.113475178
10/26/2023,3576,100036771.2,20568125.11,9092538,4.863679636,11377.51166,20342.99084,4524.987524,15818.00332,4.423379004
10/27/2023,3608,106939505.2,38114961.89,8611786.195,2.805709356,12162.58234,21746.69722,8385.291617,13361.4056,3.703272063
10/28/2023,3593,95335010.25,18217220.78,7080271.165,5.233235705,10842.76489,19386.86361,4007.788572,15379.07504,4.280288072
10/29/2023,3538,78619990.55,14429926.17,5270857,5.448398668,8941.710611,15987.77857,3174.583758,12813.19481,3.621592655
10/30/2023,3651,93682909.39,17733679.68,6748436.767,5.282767655,10654.86601,19050.90043,3901.409529,15149.4909,4.149408627
10/31/2023,3673,91138340.32,17483564.31,6592150.2,5.212800932,10365.46378,18533.44925,3846.384148,14687.0651,3.998656438
11/1/2023,3706,90063735.25,16379559.23,5878613.93,5.498544496,10243.24541,18314.92279,3603.503031,14711.41976,3.969622169
11/2/2023,3783,126060705,25926949,12185253,4.862149611,14337.2994,25635.09133,5703.92878,19931.16255,5.268612887
11/3/2023,3833,131357517.8,28226359.92,14502273.42,4.65371795,14939.72338,26712.2254,6209.799182,20502.42622,5.348924139
11/4/2023,3825,144306794.9,31356236.11,15413973.91,4.602172097,16412.48734,29345.52736,6898.371945,22447.15541,5.868537362
11/5/2023,3815,122966521.1,24915709.94,10030528.55,4.935300716,13985.38767,25005.87316,5481.456187,19524.41697,5.117802613
11/6/2023,3880,130516996.8,27310773.71,13181509.9,4.778956399,14844.12815,26541.30113,6008.370216,20532.93092,5.291992505
11/7/2023,3898,131175604.4,28012842.41,14411136.84,4.68269526,14919.03377,26675.23237,6162.825331,20512.40704,5.262290159
11/8/2023,3933,149297796.7,32276772.1,16653399.83,4.625549179,16980.13042,30360.47319,7100.889862,23259.58332,5.91395457
11/9/2023,3936,130035282.3,27893472.84,13794134.98,4.66185344,14789.34118,26443.34203,6136.564025,20306.778,5.159242379
11/10/2023,3986,179508817.1,42792949.16,24937041.11,4.194822292,20416.12932,36504.03923,9414.448814,27089.59042,6.796184249
11/11/2023,3975,158374612.8,37809625.1,22192250.61,4.188737983,18012.46662,32206.29032,8318.117522,23888.1728,6.009603221
11/12/2023,4001,170824719.4,44320660.86,27596468.28,3.85429089,19428.45827,34738.08339,9750.545389,24987.538,6.24532317
11/13/2023,4020,171330786.7,36395875.64,20595389.18,4.707423126,19486.01498,34840.99478,8007.092642,26833.90214,6.675100034
11/14/2023,3961,121321033,23210276,8981771,5.227039653,13798.24089,24671.25471,5106.26072,19564.99399,4.939407722
11/15/2023,4011,126140569,25293390,9975431,4.987096194,14346.3826,25651.33209,5564.5458,20086.78629,5.007924779
11/16/2023,4070,170061961,40999188,23118857,4.147934857,19341.70725,34582.97256,9019.82136,25563.1512,6.280872532
11/17/2023,4117,179720641,49175729,35777012,3.654661449,20440.22076,36547.11471,10818.66038,25728.45433,6.249320945
11/18/2023,4117,197538969,49995605,29106937,3.951126684,22466.75792,40170.56316,10999.0331,29171.53006,7.085627899
11/19/2023,4000,110722439,20653550,6950880,5.360939838,12592.82786,22515.97622,4543.781,17972.19522,4.493048806
11/20/2023,4082,124380904,25177672,10866036,4.940127268,14146.2501,25293.49518,5539.08784,19754.40734,4.839394252
11/21/2023,4153,162681690,36274178,17969426,4.484779503,18502.32471,33082.15658,7980.31916,25101.83742,6.044266174
11/22/2023,4189,204875405,60555786,47455041,3.383250694,23301.15496,41662.46507,13322.27292,28340.19215,6.76538366
11/23/2023,4165,142863644,28110417,11279546,5.082231402,16248.35303,29052.05521,6184.29174,22867.76347,5.490459418
11/24/2023,4229,206580324,55949355,40009245,3.692273557,23495.06102,42009.1691,12308.8581,29700.311,7.023010404
11/25/2023,4237,230137959,60972747,46181949,3.774439735,26174.34848,46799.73508,13414.00434,33385.73074,7.879568265
11/26/2023,4250,216133395,60601571,43168057,3.566465216,24581.56326,43951.83512,13332.34562,30619.4895,7.204585764
11/27/2023,4292,230477024,69739844,57288622,3.304811293,26212.91146,46868.68569,15342.76568,31525.92001,7.345274932
11/28/2023,4317,228695627,80980307,94819241,2.824089405,26010.30731,46506.42947,17815.66754,28690.76193,6.64599535
11/29/2023,4344,237765086,85818157,102185216,2.770568541,27041.80677,48350.7505,18879.99454,29470.75596,6.784244005
11/30/2023,4363,226949514,90145207,135646924,2.517599344,25811.71612,46151.34843,19831.94554,26319.40289,6.032409554
12/1/2023,4386,241235395,93974985,147554467,2.567017116,27436.49645,49056.45565,20674.4967,28381.95895,6.471034871
12/2/2023,4397,244406166,94612931,147801744,2.583221589,27797.11868,49701.2482,20814.84482,28886.40338,6.56957093
12/3/2023,4407,245840788,92910679,135112916,2.645990651,27960.28297,49992.98595,20440.34938,29552.63657,6.705839929
12/4/2023,4440,263672417,96645743,129627790,2.728236225,29988.3329,53619.13922,21262.06346,32357.07576,7.287629676
12/5/2023,4458,249129998,92609529,121820827,2.690111921,28334.37566,50661.86368,20374.09638,30287.7673,6.794025864
12/6/2023,4471,242167379,80117527,80169158,3.022651698,27542.49406,49245.97937,17625.85594,31620.12343,7.072270954
12/7/2023,4475,245752688,94535172,141355634,2.599590002,27950.26307,49975.07036,20797.73784,29177.33252,6.520074306
12/8/2023,4479,248308350,76549781,74097150,3.243749972,28240.92693,50494.77734,16840.95182,33653.82552,7.513691789
12/9/2023,4468,221945568,52502268,31311508,4.227352007,25242.60085,45133.77033,11550.49896,33583.27137,7.516399142
12/10/2023,4476,193762893,42941640,24017208,4.512237842,22037.29235,39402.67872,9447.1608,29955.51792,6.692474961
12/11/2023,4499,192306276,42010371,21014005,4.577590519,21871.6265,39106.46818,9242.28162,29864.18656,6.637961005
12/12/2023,4508,198604275,46212994,24884458,4.297585112,22587.91868,40387.1986,10166.85868,30220.33992,6.703713381
12/13/2023,4521,188004470,41400728,20751473,4.54109092,21382.36793,38231.67385,9108.16016,29123.51369,6.441830058
12/14/2023,4560,227339929,61393529,38540827,3.702994969,25856.11931,46230.74132,13506.57638,32724.16494,7.17635196
12/15/2023,4571,206770518,47467617,24010023,4.356033251,23516.69241,42047.84603,10442.87574,31604.97029,6.91423546
12/16/2023,4565,209733399,47309649,23345056,4.43320556,23853.67063,42650.36308,10408.12278,32242.2403,7.062922301
12/17/2023,4553,180248876,39852171,19503279,4.522937433,20500.29866,36654.53401,8767.47762,27887.05639,6.124984931
12/18/2023,4611,221790201,53463888,30193578,4.148411373,25224.93045,45102.17565,11762.05536,33340.12029,7.230561763
12/19/2023,4634,220186249,50058869,26266697,4.39854622,25042.50771,44776.00378,11012.95118,33763.0526,7.285941432
12/20/2023,4674,233953534,53414615,29344841,4.379953576,26608.3064,47575.65184,11751.2153,35824.43654,7.664620569
12/21/2023,4678,215025315,44854972,24958916,4.793789973,24455.53767,43726.50136,9868.09384,33858.40752,7.237795537
12/22/2023,4693,248525171,55361594,35045336,4.489126,28265.58669,50538.86901,12179.55068,38359.31833,8.173730732
12/23/2023,4616,213799808,44156216,22063528,4.841896054,24316.15672,43477.28822,9714.36752,33762.9207,7.314324242
12/24/2023,4540,176137859,31759295,12183452,5.546025471,20032.73915,35818.53761,6987.0449,28831.49271,6.350549054
12/25/2023,4467,143451055,25664791,9990987,5.589410605,16315.16122,29171.50826,5646.25402,23525.25424,5.266454944
12/26/2023,4581,193717258,42207335,23904164,4.589658598,22032.10213,39393.39861,9285.6137,30107.78491,6.572317161
12/27/2023,4643,245928305,60525023,42076059,4.063250087,27970.23657,50010.78298,13315.50506,36695.27792,7.903355141
12/28/2023,4604,204196251,39524839,18070517,5.166276604,23223.91254,41524.35562,8695.46458,32828.89104,7.130514996
12/29/2023,4612,206520614,41865566,21720412,4.9329469,23488.27,41997.02677,9210.42452,32786.60225,7.10897707
12/30/2023,4628,227642602,50167740,29155264,4.537629202,25890.5433,46292.29143,11036.9028,35255.38863,7.617845425
12/31/2023,4633,217873922,46575367,24955462,4.677878802,24779.51914,44305.78021,10246.58074,34059.19947,7.351435242
1/1/2024,4657,233306079,52550206,30877063,4.439679628,26534.66921,47443.98854,11561.04532,35882.94322,7.705162813
1/2/2024,4661,212942235,41408386,19743765,5.142490581,24218.62212,43302.89635,9109.84492,34193.05143,7.335990438
1/3/2024,4640,214039272,43606492,21659573,4.908426754,24343.39175,43525.98446,9593.42824,33932.55622,7.313050909
1/4/2024,4669,228641442,52373922,29883500,4.365558913,26004.14467,46495.41067,11522.26284,34973.14783,7.490500713
1/5/2024,4694,251884784,60192723,37114464,4.184638465,28647.68655,51222.06355,13242.39906,37979.66449,8.091108754
1/6/2024,4715,276144663,86912455,87443569,3.177273764,31406.84254,56155.43445,19120.7401,37034.69435,7.854654158
1/7/2024,4747,295212408,104458495,157874382,2.82612159,33575.48001,60032.95826,22980.8689,37052.08936,7.805369572
1/8/2024,4783,309166247,113780781,237828855,2.717209746,35162.4961,62870.54304,25031.77182,37838.77122,7.911095801
1/9/2024,4809,289800610,109685873,290174615,2.642096034,32959.97839,58932.44136,24130.89206,34801.5493,7.236753858
1/10/2024,4823,291923612,109914796,289314351,2.655908236,33201.4344,59364.16471,24181.25512,35182.90959,7.294818494
1/11/2024,4858,298956552,109910123,260430414,2.720009257,34001.31385,60794.34916,24180.22706,36614.1221,7.536871572
1/12/2024,4864,306917649,97618152,116890816,3.144063299,34906.75564,62413.27909,21475.99344,40937.28565,8.416382741
1/13/2024,4868,301669748,93381202,93750070,3.230519007,34309.89457,61346.09149,20543.86444,40802.22705,8.381722894
1/14/2024,4888,291217775,94041430,109904041,3.096696584,33121.15724,59220.62914,20689.1146,38531.51454,7.882879406
1/15/2024,4922,301519710,103946389,153466079,2.900723276,34292.83025,61315.58049,22868.20558,38447.37491,7.811331758
1/16/2024,4947,300732963,105221313,161970324,2.858099319,34203.35092,61155.59145,23148.68886,38006.90259,7.682818393
1/17/2024,4982,315269507,114932620,214263830,2.743081181,35856.63998,64111.67228,25285.1764,38826.49588,7.793355255
1/18/2024,5005,289120216,103664798,185962409,2.788991264,32882.59494,58794.07975,22806.25556,35987.82419,7.190374464
1/19/2024,5032,298742475,102720230,160815116,2.908311975,33976.96616,60750.8155,22598.4506,38152.3649,7.58194851
1/20/2024,5044,320682997,113990310,193449108,2.813247872,36472.33403,65212.53325,25077.8682,40134.66505,7.956912184
1/21/2024,5055,341871299,109095504,139363042,3.13368825,38882.14945,69521.28321,24001.01088,45520.27233,9.004999472
1/22/2024,5048,247387312,51599340,31778428,4.794389076,28136.17424,50307.47954,11351.8548,38955.62474,7.717041351
1/23/2024,5065,270179113,60660834,40637941,4.453930076,30728.36088,54942.30925,13345.38348,41596.92577,8.212621079
1/24/2024,5034,224281350,45313242,23624678,4.949576329,25508.25704,45608.76358,9968.91324,35639.85034,7.079827243
1/25/2024,5086,261220826,61928605,40837700,4.218096403,29709.50537,53120.59561,13624.2931,39496.30251,7.765690623
1/26/2024,5071,230398234,50447606,29576828,4.567079635,26203.95041,46852.66334,11098.47332,35754.19002,7.050717811
1/27/2024,5112,266386313,78296589,77937234,3.402272262,30296.99323,54171.0239,17225.24958,36945.77432,7.227264147
1/28/2024,5127,260128731,76952108,83644577,3.380397727,29585.29781,52898.51249,16929.46376,35969.04873,7.015613171
1/29/2024,5135,247857284,62213956,41358746,3.983949903,28189.6257,50403.05076,13687.07032,36715.98044,7.150142247
1/30/2024,5148,260344822,55336872,28340678,4.704726028,29609.87455,52942.4557,12174.11184,40768.34386,7.919258714
1/31/2024,5190,287924345,69174487,40434452,4.162291005,32746.58459,58550.89325,15218.38714,43332.50611,8.349230463
2/1/2024,5200,242568994,59033028,39208149,4.109038655,27588.17105,49327.64985,12987.26616,36340.38369,6.988535324
2/2/2024,5221,288140693,65333891,38516505,4.410279085,32771.19056,58594.88872,14373.45602,44221.4327,8.469916242
2/3/2024,5149,218984391,41907945,16904733,5.225366956,24905.81643,44531.59978,9219.7479,35311.85188,6.85800192
2/4/2024,5182,221752012,43093275,17352679,5.145861205,25220.58709,45094.40972,9480.5205,35613.88922,6.87261467
2/5/2024,5205,236796989,47719038,22063316,4.962316906,26931.70191,48153.88301,10498.18836,37655.69465,7.234523467
2/6/2024,5221,232050464,44578283,18257667,5.205459887,26391.86397,47188.65279,9807.22226,37381.43053,7.159821974
2/7/2024,5259,264384591,71314067,49759876,3.70732735,30069.33079,53763.96346,15689.09474,38074.86872,7.239944613
2/8/2024,5306,319498000,103757115,109154043,3.079287623,36337.56042,64971.55803,22826.5653,42144.99273,7.942893466
2/9/2024,5283,230080310,47419821,23900788,4.85198605,26167.79187,46788.01186,10432.36062,36355.65124,6.881629991
2/10/2024,5214,184514348,33702728,12698148,5.474760025,20985.42485,37521.93963,7414.60016,30107.33947,5.774326711
2/11/2024,5269,209933179,41455260,15829146,5.064090275,23876.39227,42690.98937,9120.1572,33570.83217,6.371385874
2/12/2024,5326,237699375,52846707,26032509,4.497903247,27034.33324,48337.38783,11626.27554,36711.11229,6.89281117
2/13/2024,5366,269399931,67045579,44031570,4.018161004,30639.74194,54783.85859,14750.02738,40033.83121,7.460646889
2/14/2024,5357,232285758,42452681,14653499,5.471639306,26418.62474,47236.50103,9339.58982,37896.91121,7.07427874
2/15/2024,5247,143596181,23301042,7073890,6.162650623,16331.66688,29201.02037,5126.22924,24074.79113,4.588296385
2/16/2024,5332,178699403,31406334,11012395,5.689916021,20324.07199,36339.44072,6909.39348,29430.04724,5.519513737
2/17/2024,5252,182631342,34217921,12174765,5.337300942,20771.26437,37139.0207,7527.94262,29611.07808,5.638057517
2/18/2024,5314,230796787,45585476,18088983,5.062945641,26249.27916,46933.71114,10028.80472,36904.90642,6.944845016
2/19/2024,5368,235078141,46995960,20177054,5.002092542,26736.21166,47804.34644,10339.1112,37465.23524,6.979365731
2/20/2024,5417,245403662,51272720,23829986,4.786242314,27910.56719,49904.09413,11279.9984,38624.09573,7.13016351
2/21/2024,5480,250952894,50191263,23436421,4.999931841,28541.69963,51032.55894,11042.07786,39990.48108,7.297533044
2/22/2024,5484,214550661,40702960,18863822,5.271131657,24401.55371,43629.97803,8954.6512,34675.32683,6.322999058
2/23/2024,5573,317032315,80226584,53780492,3.951711505,36057.12994,64470.14833,17649.84848,46820.29985,8.401273973
2/24/2024,5617,322517062,87725263,61449371,3.676444515,36680.92829,65585.49978,19299.55786,46285.94192,8.24033148
2/25/2024,5622,283270750,68755019,40521086,4.120001043,32217.31589,57604.56082,15126.10418,42478.45664,7.555755361
2/26/2024,5659,351793627,93097622,67603803,3.778760611,40010.64851,71539.03953,20481.47684,51057.56269,9.022364851
2/27/2024,5678,283739265,82799811,71341730,3.426810539,32270.60165,57699.83575,18215.95842,39483.87733,6.953835387
2/28/2024,5709,308352029,79834565,57439946,3.862387539,35069.89241,62704.96763,17563.6043,45141.36333,7.907052606
2/29/2024,5724,309957566,65117121,32728287,4.760001076,35252.49542,63031.46181,14325.76662,48705.69519,8.509031306
3/1/2024,5710,243592957,52652272,27513914,4.626447212,27704.62974,49535.87798,11583.49984,37952.37814,6.646651162
3/2/2024,5681,199586021,41779268,20908738,4.777154569,22699.57589,40586.84169,9191.43896,31395.40273,5.52638668
3/3/2024,5571,163669014,31320462,13176298,5.225625791,18614.61632,33282.93398,6890.50164,26392.43234,4.737467661
3/4/2024,5676,203453049,43139115,20475578,4.716208225,23139.38573,41373.22168,9490.6053,31882.61638,5.617092385
3/5/2024,5764,281464072,63729099,33241481,4.41657071,32011.83645,57237.16358,14020.40178,43216.7618,7.497703296
3/6/2024,5771,228088298,54073668,32329877,4.218102941,25941.23378,46382.926,11896.20696,34486.71904,5.975865368
3/7/2024,5810,263119931,70336742,53153602,3.740860374,29925.49684,53506.78836,15474.08324,38032.70512,6.546076612
3/8/2024,5839,262666741,73827787,69159887,3.557830346,29873.95405,53414.62984,16242.11314,37172.5167,6.366247081
3/9/2024,5797,235634057,58270030,39414496,4.043829341,26799.43782,47917.39482,12819.4066,35097.98822,6.054508921
3/10/2024,5806,229525034,49008082,23756586,4.683411891,26104.6385,46675.09364,10781.77804,35893.3156,6.182107405
3/11/2024,5868,283957261,61245175,27332434,4.636402149,32295.39505,57744.16635,13473.9385,44270.22785,7.544346942
3/12/2024,5888,260553108,53958618,20474024,4.828757994,29633.56361,52984.81173,11870.89596,41113.91577,6.982662324
3/13/2024,5881,223157478,40237493,12421807,5.546008495,25380.43537,45380.21844,8852.24846,36527.96998,6.211183469
3/14/2024,5652,115922373,20496990,7432079,5.655580307,13184.23349,23573.40949,4509.3378,19064.07169,3.372978006
3/15/2024,5249,103012179,16753515,4933806,6.148690529,11715.91459,20948.05528,3685.7733,17262.28198,3.288680126
3/16/2024,5820,206933028,43307547,18888368,4.778220941,23535.17521,42080.89327,9527.66034,32553.23293,5.593338991
3/17/2024,5941,222636713,47193700,20459684,4.71750918,25321.20705,45274.31821,10382.614,34891.70421,5.873035551
3/18/2024,5711,138537660,24774110,8138848,5.59203378,15756.34461,28172.34417,5450.3042,22722.03997,3.978644715
3/19/2024,5705,128118964,22453949,6732871,5.705854413,14571.39198,26053.64886,4939.86878,21113.78008,3.700925519
3/20/2024,5594,108113523,18845593,6490842,5.736806637,12296.10725,21985.43976,4146.03046,17839.4093,3.189025617
3/21/2024,5859,180235259,34647480,12863369,5.201973102,20498.74996,36651.76492,7622.4456,29029.31932,4.954654262
3/22/2024,6032,227536782,42966699,14674481,5.295654246,25878.50805,46270.77239,9452.67378,36818.09861,6.103796188
3/23/2024,6054,244874969,57236793,28393192,4.278278991,27850.43719,49796.5817,12592.09446,37204.48724,6.145438923
3/24/2024,6118,319105767,75401660,38917560,4.232078803,36292.95047,64891.79544,16588.3652,48303.43024,7.895297522
3/25/2024,6114,213673401,52427191,33106951,4.07562177,24301.78004,43451.58271,11533.98202,31917.60069,5.220412282
3/26/2024,6113,226794369,49837725,23975245,4.550656536,25794.07097,46119.79889,10964.2995,35155.49939,5.750940519
3/27/2024,6103,207046755,40369372,14281136,5.128807924,23548.10975,42104.02024,8881.26184,33222.7584,5.443676618
3/28/2024,6170,231499257,47723637,17937044,4.850830145,26329.17339,47076.56201,10499.20014,36577.36187,5.928259623
3/29/2024,6109,179314224,34656597,13666967,5.174028598,20393.99761,36464.46773,7624.45134,28840.01639,4.720906268
3/30/2024,6020,196083099,36915425,13955762,5.311684723,22301.17703,39874.50452,8121.3935,31753.11102,5.27460316
3/31/2024,6053,166149316,32930616,12826556,5.045436016,18896.70924,33787.31612,7244.73552,26542.5806,4.385029011
4/1/2024,6014,164389624,30194688,10518134,5.444322657,18696.57367,33429.47372,6642.83136,26786.64236,4.454047616
4/2/2024,6155,216692506,41481864,14221508,5.223789027,24645.1528,44065.53321,9126.01008,34939.52313,5.676608144
4/3/2024,6171,191438670,33763402,9632880,5.670005351,21772.95081,38930.03605,7427.94844,31502.08761,5.104859441
4/4/2024,6122,164058612,28383871,7691362,5.779994279,18658.92659,33362.16073,6244.45162,27117.70911,4.429550656
4/5/2024,5856,118867924,18574131,4618886,6.399649276,13519.24072,24172.4024,4086.30882,20086.09358,3.430002319
4/6/2024,4401,43573872,6413291,1815821,6.794307634,4955.800057,8860.970502,1410.92402,7450.046482,1.692807653
4/7/2024,1542,9482337,1497943,534140,6.330238868,1078.457435,1928.281894,329.54746,1598.734434,1.036792759
4/8/2024,1833,13663344,2173501,810670,6.286329751,1553.97714,2778.511126,478.17022,2300.340906,1.254959578
4/9/2024,3996,62263501,11161656,3856305,5.578339003,7081.433153,12661.60248,2455.56432,10206.03816,2.554063603
4/10/2024,5181,100264473,18803765,6321989,5.332148801,11403.40893,20389.29516,4136.8283,16252.46686,3.136936279
4/11/2024,5334,109455241,17356379,4497889,6.306340798,12448.70526,22258.28501,3818.40338,18439.88163,3.457045674
4/12/2024,4520,49822227,7290363,1760592,6.833984398,5666.446062,10131.60556,1603.87986,8527.725699,1.886664978
4/13/2024,2595,19533734,2969248,854547,6.578680528,2221.63594,3972.28506,653.23456,3319.0505,1.279017534
4/14/2024,2906,27703542,4941077,1842147,5.606782084,3150.815127,5633.657446,1087.03694,4546.620506,1.564563147
4/15/2024,5664,163483973,34750356,15283482,4.704526567,18593.571,33245.30494,7645.07832,25600.22662,4.519814023
4/16/2024,6288,245455635,53776014,24579871,4.564407377,27916.47825,49914.66311,11830.72308,38083.94003,6.056606239
4/17/2024,6374,251931681,60045148,29006071,4.195704222,28653.0203,51231.6003,13209.93256,38021.66774,5.96511888
4/18/2024,6419,222382225,54565370,32061908,4.075519418,25292.26329,45222.56677,12004.3814,33218.18537,5.174978247
4/19/2024,6418,245067396,50170533,21908682,4.88468791,27872.32255,49835.71272,11037.51726,38798.19546,6.04521587
4/20/2024,6455,252010685,56527155,27311489,4.458223397,28662.00569,51247.66617,12435.9741,38811.69207,6.012655626
4/21/2024,6449,235070047,59929350,37112361,3.922452805,26735.2911,47802.70049,13184.457,34618.24349,5.368001781
4/22/2024,6452,244063153,61861882,38141351,3.945291432,27758.10668,49631.49475,13609.61404,36021.88071,5.583056526
4/23/2024,6507,242940186,65819503,51347946,3.691006084,27630.38794,49403.13364,14480.29066,34922.84298,5.366965266
4/24/2024,6483,257727440,62910281,32446478,4.096745967,29312.19107,52410.19764,13840.26182,38569.93582,5.949396239
4/25/2024,6520,295586556,72160870,38429867,4.096216634,33618.0331,60109.04318,15875.3914,44233.65178,6.78430242
4/26/2024,6451,198280463,42826249,19253500,4.629881618,22551.09047,40321.34977,9421.77478,30899.57499,4.789889163
4/27/2024,6112,150057178,28055874,10120454,5.348511973,17066.49736,30514.89727,6172.29228,24342.60499,3.982756052
4/28/2024,5295,85269311,14234851,4509481,5.990179384,9697.959738,17339.95201,3131.66722,14208.28479,2.683339904
4/29/2024,5271,86591142,16621653,7358316,5.209538546,9848.295934,17608.75313,3656.76366,13951.98947,2.646934068
4/30/2024,2317,15662107,2366450,984298,6.6183976,1781.303042,3184.96984,520.619,2664.35084,1.149914044
5/1/2024,753,3485828,534964,290656,6.516004815,396.4547057,708.8610138,117.69208,591.1689338,0.785084905
5/2/2024,266,1070970,203627,127133,5.25946952,121.8049474,217.7872459,44.79794,172.9893059,0.650335737
5/3/2024,1752,17296407,3004111,1168416,5.757579197,1967.177367,3517.313132,660.90442,2856.408712,1.63037027
5/4/2024,3416,49549318,8850385,3097246,5.598549442,5635.407222,10076.10811,1947.0847,8129.023413,2.379690695
5/5/2024,3709,46116624,7628982,2243463,6.044924998,5244.995621,9378.052171,1678.37604,7699.676131,2.075943955
5/6/2024,3189,34442580,5736202,1869201,6.004422438,3917.268126,7004.07541,1261.96444,5742.11097,1.800599238
5/7/2024,2288,18398714,2953606,942025,6.229237752,2092.546375,3741.472918,649.79332,3091.679598,1.351258566
5/8/2024,2789,30795293,5005007,1349703,6.152897089,3502.450156,6262.38088,1101.10154,5161.27934,1.850584202
5/9/2024,3510,43777574,7633276,2536683,5.735096438,4978.967757,8902.394349,1679.32072,7223.073629,2.057855735
5/10/2024,2071,15768823,2629184,1014154,5.997611046,1793.440205,3206.671086,578.42048,2628.250606,1.269073204
5/11/2024,1052,6519048,1056180,447032,6.172288814,741.4328121,1325.681868,232.3596,1093.322268,1.039279722
5/12/2024,335,1758346,312203,204532,5.63205991,199.9824851,357.5686833,68.68466,288.8840233,0.862340368
5/13/2024,112,459757,94048,123872,4.888535641,52.2896787,93.49394552,20.69056,72.80338552,0.650030228
5/14/2024,79,344778,67481,53937,5.109260384,39.21273813,70.11237577,14.84582,55.26655577,0.699576655
5/15/2024,103,459963,90920,82802,5.058985922,52.31310776,93.53583668,20.0024,73.53343668,0.713916861
5/16/2024,186,1015469,184730,107272,5.497044335,115.4926358,206.5008328,40.6406,165.8602328,0.891721681
5/17/2024,349,2523347,414460,169241,6.088276311,286.9885698,513.1355628,91.1812,421.9543628,1.209038289
5/18/2024,428,3130709,524241,248608,5.971888883,356.0658516,636.6457426,115.33302,521.3127226,1.21802038
5/19/2024,338,2536530,420985,176147,6.025226552,288.4879158,515.8163935,92.6167,423.1996935,1.252070099
5/20/2024,431,3154638,504070,214529,6.258333168,358.7873756,641.5118276,110.8954,530.6164276,1.231128602
5/21/2024,374,2281294,355394,132298,6.419056034,259.4590844,463.912843,78.18668,385.726163,1.031353377
5/22/2024,459,3357910,541615,267215,6.199809828,381.90617,682.848232,119.1553,563.692932,1.228089177
5/23/2024,719,5517324,861912,344696,6.401261382,627.5034404,1121.976151,189.62064,932.3555115,1.296739237
5/24/2024,1050,10715818,1655263,480790,6.473785737,1218.745294,2179.116586,364.15786,1814.958726,1.72853212
5/25/2024,1184,11759514,1716986,456363,6.848928296,1337.44828,2391.357524,377.73692,2013.620604,1.700693078
5/26/2024,1131,9759196,1495532,396944,6.525568159,1109.945522,1984.582593,329.01704,1655.565553,1.463806855
5/27/2024,1052,8266541,1317704,438309,6.273443049,940.1809497,1681.043538,289.89488,1391.148658,1.322384656
5/28/2024,1486,14646833,2369756,712537,6.180734641,1665.832585,2978.508661,521.34632,2457.162341,1.653541279
5/29/2024,1269,10735283,1609893,545859,6.668320814,1220.959113,2183.074894,354.17646,1828.898434,1.44121232
5/30/2024,1360,11735623,1824909,506994,6.430799015,1334.731078,2386.499167,401.47998,1985.019187,1.459572931
5/31/2024,1300,10949564,1679062,560274,6.521238644,1245.329997,2226.650035,369.39364,1857.256395,1.428658765
6/1/2024,1511,16717150,2535447,645738,6.593373871,1901.29656,3399.518249,557.79834,2841.719909,1.880688225
6/2/2024,2138,23402309,3706653,800020,6.31359585,2661.621723,4758.979641,815.46366,3943.515981,1.844488298
6/3/2024,2231,23111048,3704387,1027880,6.238831958,2628.49565,4699.750222,814.96514,3884.785082,1.74127525
6/4/2024,1378,9827867,1474417,491414,6.665595283,1117.755701,1998.547193,324.37174,1674.175453,1.214931388
6/5/2024,1325,9489709,1634151,628584,5.807118804,1079.295877,1929.781028,359.51322,1570.267808,1.18510778
6/6/2024,2106,22607001,3915971,1196855,5.773025643,2571.168723,4597.249677,861.51362,3735.736057,1.773853778
6/7/2024,2104,20197150,3421919,1052223,5.902287576,2297.088428,4107.194109,752.82218,3354.371929,1.594283236
6/8/2024,1613,15434594,2601877,768394,5.932099788,1755.427239,3138.703904,572.41294,2566.290964,1.591004937
6/9/2024,2254,27003033,4644348,1405041,5.814170902,3071.143929,5491.205346,1021.75656,4469.448786,1.982896533
6/10/2024,3417,61849152,11179293,4187308,5.53247437,7034.307876,12577.34248,2459.44446,10117.89802,2.961047124
6/11/2024,4002,64774167,11633480,3699228,5.567909774,7366.979471,13172.15929,2559.3656,10612.79369,2.651872487
6/12/2024,3787,52590304,9243483,2733232,5.689446716,5981.268581,10694.50822,2033.56626,8660.941963,2.287019267
6/13/2024,3699,47273675,7875750,2153366,6.002434689,5376.590844,9613.34443,1732.665,7880.67943,2.130489167
6/14/2024,2322,22303728,3453696,1156694,6.457930287,2536.676486,4535.577556,759.81312,3775.764436,1.626082875
6/15/2024,2260,22142100,3495469,984254,6.334514768,2518.294001,4502.709673,769.00318,3733.706493,1.652082519
6/16/2024,2382,22663136,3478342,1021836,6.515499626,2577.553142,4608.665018,765.23524,3843.429778,1.613530553
6/17/2024,1310,9093144,1413094,419586,6.434917988,1034.193233,1849.1375,310.88068,1538.25682,1.174241848
6/18/2024,833,6931772,1072999,321641,6.460184958,788.3732727,1409.611412,236.05978,1173.551632,1.408825488
6/19/2024,935,6446565,1027493,459195,6.27407194,733.1890816,1310.942078,226.04846,1084.893618,1.16031403
6/20/2024,827,5451572,930557,323719,5.858396638,620.0252488,1108.605145,204.72254,903.8826048,1.092965665
6/21/2024,624,4874473,777076,400069,6.272839465,554.3898777,991.2491014,170.95672,820.2923814,1.314571124
6/22/2024,736,5841769,913613,303377,6.394139532,664.4036395,1187.953707,200.99486,986.9588474,1.340976695
6/23/2024,301,1765388,301769,87145,5.850130398,200.7833949,359.0007102,66.38918,292.6115302,0.972131329
6/24/2024,134,570335,120553,72055,4.730989689,64.86607904,115.9805493,26.52166,89.45888933,0.667603652
6/25/2024,60,191505,48335,44325,3.962035792,21.78049474,38.94352459,10.6337,28.30982459,0.47183041
6/26/2024,41,154420,28202,17614,5.475498192,17.56269548,31.40209952,6.20444,25.19765952,0.614577061
6/27/2024,36,98391,15362,13631,6.4048301,11.19033267,20.00831481,3.37964,16.62867481,0.461907634
6/28/2024,63,147784,36018,65998,4.103059581,16.80796133,30.05263486,7.92396,22.12867486,0.351248807
6/29/2024,65,287926,58002,39162,4.964070204,32.74677282,58.5512298,12.76044,45.7907898,0.704473689
6/30/2024,51,173130,35966,21860,4.813712951,19.69064544,35.20687404,7.91252,27.29435404,0.535183413
7/1/2024,126,509648,98182,45960,5.190849647,57.96394655,103.6395364,21.60004,82.03949642,0.651107114
7/2/2024,254,1621099,285209,120038,5.683898474,184.3729315,329.6588015,62.74598,266.9128215,1.05083788
7/3/2024,761,7464542,1269078,380985,5.881862265,848.9669605,1517.952925,279.19716,1238.755765,1.627799954
7/4/2024,642,4873646,793009,363645,6.145763793,554.2958203,991.0809267,174.46198,816.6189467,1.271992129
7/5/2024,683,5897068,922137,275116,6.395002044,670.692977,1199.199043,202.87014,996.3289028,1.458753884
7/6/2024,524,3483898,561515,216758,6.204461145,396.2352005,708.4685384,123.5333,584.9352384,1.116288623
7/7/2024,849,7399901,1233115,439107,6.000982066,841.6151265,1504.807846,271.2853,1233.522546,1.452912304
7/8/2024,705,4530936,737519,324205,6.143483761,515.3182826,921.3890893,162.25418,759.1349093,1.076787105
7/9/2024,136,662097,116060,52366,5.704782009,75.3024737,134.640823,25.5332,109.107623,0.802261934
7/10/2024,76,173727,38531,69197,4.508759181,19.75854421,35.32827705,8.47682,26.85145705,0.353308645
7/11/2024,109,359165,76417,75393,4.700066739,40.84901905,73.03804606,16.81174,56.22630606,0.51583767
7/12/2024,403,2934592,516043,331153,5.686719905,333.7608189,596.7643442,113.52946,483.2348842,1.199094005
7/13/2024,655,5873763,974215,365688,6.029226608,668.0424225,1194.459851,214.3273,980.1325515,1.496385575
7/14/2024,723,5909264,974193,341386,6.065804209,672.0800682,1201.679162,214.32246,987.356702,1.365638592
7/15/2024,287,1322835,224682,126100,5.887587791,150.4503838,269.0052863,49.43004,219.5752463,0.765070545
7/16/2024,99,502390,98598,103850,5.095336619,57.13847029,102.1635849,21.69156,80.47202487,0.812848736
7/17/2024,123,537162,104821,83922,5.124564734,61.09320444,109.2346495,23.06062,86.17402953,0.700601866
7/18/2024,122,589393,115892,64116,5.085709108,67.03360819,119.8560914,25.49624,94.35985144,0.773441405
7/19/2024,51,166190,31095,24190,5.344589162,18.90133637,33.79558942,6.8409,26.95468942,0.528523322
7/20/2024,32,146517,24394,44479,6.006272034,16.66386125,29.79498391,5.36668,24.42830391,0.763384497
7/21/2024,22,51179,10125,5375,5.054716049,5.820756326,10.40751231,2.2275,8.180012312,0.371818741
7/22/2024,66,194048,40536,73835,4.787053483,22.06971851,39.4606567,8.91792,30.5427367,0.462768738
7/23/2024,61,152571,31948,55117,4.775604107,17.35240262,31.02609588,7.02856,23.99753588,0.393402227
7/24/2024,76,256969,51213,38146,5.017651768,29.22593119,52.25596497,11.26686,40.98910497,0.539330329
7/25/2024,86,459207,88064,59837,5.214469023,52.22712539,93.3821002,19.37408,74.0080202,0.860558374
7/26/2024,66,382069,70716,29288,5.402864981,43.45396645,77.69569201,15.55752,62.13817201,0.941487455
7/27/2024,80,497944,90359,38818,5.510729424,56.63281206,101.259468,19.87898,81.38048796,1.017256099
7/28/2024,60,340492,62263,65980,5.468608965,38.72527722,69.24079568,13.69786,55.54293568,0.925715595
7/29/2024,96,419684,77733,60645,5.39904545,47.73204436,85.34489531,17.10126,68.24363531,0.710871201
7/30/2024,44,138838,26698,28115,5.20031463,15.79050327,28.23341985,5.87356,22.35985985,0.508178633
