Date,ActiveInstallations,Total_hpHeat_diff,Total_hpElectric_diff,Total_boilerHeat_diff,Total_COP,Savings_Gas,CO2_Gas_Saved,CO2_Electricity,Savings_CO2,,,,,
11/11/2022,2,"38,267","5,875","2,090",6.5,4,8,1,6,,,,,
11/12/2022,2,"75,788","12,510",341,6.1,9,15,3,13,,Total gas saved,Total CO2 saved,Total electricity usage (kwh),Total Euros saved on gas
11/13/2022,2,"74,785","11,905",561,6.3,9,15,3,13,,"5,948,795","7,728,389","13,002,119",
11/14/2022,2,"109,697","23,830","6,710",4.6,12,22,5,17,,,,,
11/15/2022,2,"106,815","18,290","2,426",5.8,12,22,4,18,,,,,
11/16/2022,3,"103,608","18,135","1,602",5.7,12,21,4,17,,,,,
11/17/2022,2,"103,674","17,518","1,404",5.9,12,21,4,17,,Gas price,$1.34, ( median from all our installs),
11/18/2022,2,"109,005","18,904","7,326",5.8,12,22,4,18,,Electricity price,$0.33, (median from all our installs),
11/19/2022,2,"142,825","46,164","11,933",3.1,16,29,10,19,,,,,
11/20/2022,3,"214,638","75,841","14,054",2.8,24,43,17,27,,,,,
11/21/2022,4,"202,558","57,372","18,313",3.5,23,41,13,28,,€ Total gas saved,€ Total electricity spend (€),€ Total savings money,
11/22/2022,4,"197,066","46,073","26,062",4.3,22,40,10,30,,"7,971,385.52","4,290,699.28","3,680,686.25",
11/23/2022,6,"234,484","51,428","15,944",4.6,27,47,11,36,,,,,
11/24/2022,7,"228,636","49,339","23,549",4.6,26,46,11,35,,,,,
11/25/2022,7,"229,289","50,701","23,876",4.5,26,46,11,35,,,,657.2654015,
11/26/2022,7,"261,881","59,540","23,433",4.4,30,53,13,40,,,,,
11/27/2022,6,"290,242","66,969","13,986",4.3,33,59,15,44,,,,,
11/28/2022,9,"314,488","68,481","32,687",4.6,36,64,15,49,,,,,
11/29/2022,11,"335,202","76,397","23,316",4.4,38,68,17,51,,,,,
11/30/2022,12,"568,885","133,710","9,015",4.3,65,115,29,86,,,,,
12/1/2022,13,"625,896","178,126","61,320",3.5,71,127,39,88,,,,,
12/2/2022,10,"425,627","142,886","68,274",3.0,48,86,31,55,,,,,
12/3/2022,8,"504,249","171,922","64,836",2.9,57,102,38,64,,,,,
12/4/2022,12,"548,996","198,922","143,261",2.8,62,111,44,67,,,,,
12/5/2022,10,"521,575","144,830","64,569",3.6,59,106,32,74,,,,,
12/6/2022,11,"525,229","141,094","46,567",3.7,60,106,31,75,,,,,
12/7/2022,15,"620,571","177,818","69,927",3.5,71,126,39,87,,,,,
12/8/2022,18,"813,925","276,217","154,768",2.9,93,165,61,104,,,,,
12/9/2022,21,"1,030,656","384,338","234,413",2.7,117,209,85,124,,,,,
12/10/2022,21,"1,024,439","414,433","358,585",2.5,117,207,91,116,,,,,
12/11/2022,21,"1,153,547","420,303","227,932",2.7,131,234,92,141,,,,,
12/12/2022,24,"1,139,301","429,494","329,374",2.7,130,231,94,136,,,,,
12/13/2022,28,"1,339,499","540,641","657,921",2.5,152,271,119,152,,,,,
12/14/2022,33,"1,390,875","556,544","673,315",2.5,158,282,122,159,,,,,
12/15/2022,36,"1,656,739","638,388","720,306",2.6,188,335,140,195,,,,,
12/16/2022,40,"1,829,783","690,567","687,888",2.6,208,370,152,219,,,,,
12/17/2022,41,"1,919,615","785,338","938,537",2.4,218,389,173,216,,,,,
12/18/2022,40,"1,892,405","787,817","1,167,066",2.4,215,383,173,210,,,,,
12/19/2022,43,"2,138,447","597,389","356,396",3.6,243,433,131,301,,,,,
12/20/2022,44,"1,594,587","358,650","168,505",4.4,181,323,79,244,,,,,
12/21/2022,49,"1,863,751","477,911","240,169",3.9,212,377,105,272,,,,,
12/22/2022,50,"1,574,804","392,413","189,311",4.0,179,319,86,232,,,,,
12/23/2022,54,"1,707,670","420,171","191,549",4.1,194,346,92,253,,,,,
12/24/2022,52,"1,549,189","375,740","184,520",4.1,176,314,83,231,,,,,
12/25/2022,54,"1,673,515","430,497","225,855",3.9,190,339,95,244,,,,,
12/26/2022,54,"1,838,605","517,392","246,397",3.6,209,372,114,258,,,,,
12/27/2022,58,"2,492,521","765,699","449,347",3.3,283,505,168,336,,,,,
12/28/2022,60,"2,365,698","597,958","300,618",4.0,269,479,132,347,,,,,
12/29/2022,58,"2,123,625","523,838","158,808",4.1,242,430,115,315,,,,,
12/30/2022,59,"2,431,144","650,896","287,901",3.7,277,492,143,349,,,,,
12/31/2022,59,"1,318,824","252,161","119,281",5.2,150,267,55,212,,,,,
1/1/2023,55,"1,273,811","259,935","70,189",4.9,145,258,57,201,,,,,
1/2/2023,62,"1,552,758","356,090","104,853",4.4,177,314,78,236,,,,,
1/3/2023,64,"2,566,550","719,876","325,331",3.6,292,520,158,361,,,,,
1/4/2023,67,"2,057,321","446,748","165,229",4.6,234,416,98,318,,,,,
1/5/2023,72,"2,019,977","454,212","150,103",4.4,230,409,100,309,,,,,
1/6/2023,79,"2,030,339","466,081","178,600",4.4,231,411,103,308,,,,,
1/7/2023,79,"2,306,520","527,553","182,072",4.4,262,467,116,351,,,,,
1/8/2023,79,"2,618,565","669,584","292,281",3.9,298,530,147,383,,,,,
1/9/2023,85,"3,408,900","905,465","405,507",3.8,388,690,199,491,,,,,
1/10/2023,88,"3,622,176","988,846","482,259",3.7,412,733,218,516,,,,,
1/11/2023,92,"2,869,862","680,722","282,087",4.2,326,581,150,431,,,,,
1/12/2023,97,"3,412,067","766,727","265,186",4.5,388,691,169,522,,,,,
1/13/2023,101,"3,846,943","974,687","368,596",3.9,438,779,214,564,,,,,
1/14/2023,100,"4,063,265","1,027,918","394,029",4.0,462,823,226,596,,,,,
1/15/2023,102,"4,166,056","1,187,773","479,276",3.5,474,843,261,582,,,,,
1/16/2023,104,"4,823,751","1,579,149","924,548",3.1,549,977,347,629,,,,,
1/17/2023,105,"4,877,301","1,775,366","1,310,743",2.7,555,987,391,597,,,,,
1/18/2023,111,"5,397,850","1,978,819","1,671,058",2.7,614,"1,093",435,657,,,,,
1/19/2023,115,"5,100,624","1,781,990","1,308,841",2.9,580,"1,033",392,641,,,,,
1/20/2023,115,"5,686,416","2,227,177","2,082,246",2.6,647,"1,151",490,661,,,,,
1/21/2023,116,"5,534,412","2,244,612","2,175,725",2.5,629,"1,120",494,627,,,,,
1/22/2023,116,"6,269,265","2,405,538","2,017,196",2.6,713,"1,269",529,740,,,,,
1/23/2023,120,"6,105,990","2,190,354","1,613,701",2.8,694,"1,236",482,754,,,,,
1/24/2023,128,"6,362,715","2,309,686","1,727,902",2.8,724,"1,288",508,780,,,,,
1/25/2023,139,"6,935,360","2,720,012","2,599,199",2.5,789,"1,404",598,806,,,,,
1/26/2023,148,"7,043,500","2,366,295","1,627,773",3.0,801,"1,426",521,905,,,,,
1/27/2023,161,"7,462,848","2,469,223","1,509,016",3.0,849,"1,511",543,968,,,,,
1/28/2023,159,"6,907,442","2,380,466","1,522,905",2.9,786,"1,398",524,875,,,,,
1/29/2023,159,"7,735,974","2,558,679","1,539,092",3.0,880,"1,566",563,"1,003",,,,,
1/30/2023,167,"7,511,585","2,109,024","929,058",3.6,854,"1,521",464,"1,057",,,,,
1/31/2023,174,"7,770,009","2,230,832","1,209,754",3.5,884,"1,573",491,"1,082",,,,,
2/1/2023,180,"8,268,504","2,233,846","1,054,616",3.7,940,"1,674",491,"1,182",,,,,
2/2/2023,186,"7,675,215","1,928,307","772,705",4.0,873,"1,554",424,"1,130",,,,,
2/3/2023,192,"7,342,545","1,771,080","594,073",4.1,835,"1,486",390,"1,097",,,,,
2/4/2023,194,"6,763,535","1,726,314","720,270",3.9,769,"1,369",380,989,,,,,
2/5/2023,196,"7,387,487","2,017,905","794,401",3.7,840,"1,496",444,"1,052",,,,,
2/6/2023,204,"8,044,127","2,582,731","1,498,675",3.1,915,"1,628",568,"1,060",,,,,
2/7/2023,210,"8,685,578","3,255,547","2,579,611",2.7,988,"1,758",716,"1,042",,,,,
2/8/2023,219,"9,791,899","3,576,853","2,773,446",2.7,"1,114","1,982",787,"1,195",,,,,
2/9/2023,229,"11,482,927","4,038,081","2,686,239",2.8,"1,306","2,325",888,"1,436",,,,,
2/10/2023,234,"10,101,670","3,291,155","2,006,116",3.1,"1,149","2,045",724,"1,321",,,,,
2/11/2023,237,"9,317,128","2,390,233","836,488",3.9,"1,060","1,886",526,"1,360",,,,,
2/12/2023,236,"9,223,251","2,414,119","713,192",3.8,"1,049","1,867",531,"1,336",,,,,
2/13/2023,243,"7,745,562","2,065,601","825,817",3.7,881,"1,568",454,"1,114",,,,,
2/14/2023,249,"8,042,127","2,518,561","1,549,594",3.2,915,"1,628",554,"1,074",,,,,
2/15/2023,252,"8,964,996","2,788,164","1,644,894",3.2,"1,020","1,815",613,"1,202",,,,,
2/16/2023,259,"9,780,945","2,440,773","799,269",4.0,"1,112","1,980",537,"1,443",,,,,
2/17/2023,267,"8,652,556","1,914,703","521,410",4.5,984,"1,752",421,"1,330",,,,,
2/18/2023,263,"7,988,570","1,766,634","411,155",4.5,909,"1,617",389,"1,229",,,,,
2/19/2023,271,"8,648,647","2,138,111","617,263",4.0,984,"1,751",470,"1,280",,,,,
2/20/2023,273,"11,050,457","2,741,531","797,715",4.0,"1,257","2,237",603,"1,634",,,,,
2/21/2023,279,"9,943,626","2,389,719","661,075",4.2,"1,131","2,013",526,"1,487",,,,,
2/22/2023,291,"10,507,998","2,714,570","743,733",3.9,"1,195","2,127",597,"1,530",,,,,
2/23/2023,295,"10,934,299","2,860,322","781,128",3.8,"1,244","2,214",629,"1,584",,,,,
2/24/2023,306,"13,265,603","4,100,222","1,739,994",3.2,"1,509","2,686",902,"1,784",,,,,
2/25/2023,297,"12,044,435","3,868,449","1,668,838",3.1,"1,370","2,438",851,"1,587",,,,,
2/26/2023,302,"12,538,120","4,382,281","2,539,401",2.9,"1,426","2,538",964,"1,574",,,,,
2/27/2023,310,"13,294,709","4,594,333","2,874,401",2.9,"1,512","2,691","1,011","1,681",,,,,
2/28/2023,322,"12,881,392","4,435,048","2,596,834",2.9,"1,465","2,608",976,"1,632",,,,,
3/1/2023,328,"12,649,880","4,441,606","3,473,098",2.8,"1,439","2,561",977,"1,584",,,,,
3/2/2023,336,"13,044,790","4,446,875","2,793,259",2.9,"1,484","2,641",978,"1,663",,,,,
3/3/2023,348,"14,565,902","4,724,161","2,557,868",3.1,"1,657","2,949","1,039","1,909",,,,,
3/4/2023,351,"14,634,110","4,078,986","1,520,827",3.6,"1,664","2,963",897,"2,065",,,,,
3/5/2023,361,"15,066,307","4,777,490","2,214,232",3.2,"1,714","3,050","1,051","1,999",,,,,
3/6/2023,368,"15,571,516","5,152,604","2,757,970",3.0,"1,771","3,152","1,134","2,019",,,,,
3/7/2023,374,"17,488,880","6,220,732","3,998,562",2.8,"1,989","3,541","1,369","2,172",,,,,
3/8/2023,386,"18,474,641","7,111,397","5,511,904",2.6,"2,101","3,740","1,565","2,176",,,,,
3/9/2023,392,"19,142,714","7,103,899","5,129,187",2.7,"2,177","3,875","1,563","2,312",,,,,
3/10/2023,395,"19,255,854","7,237,668","6,034,064",2.7,"2,190","3,898","1,592","2,306",,,,,
3/11/2023,395,"15,482,508","5,336,749","3,780,986",2.9,"1,761","3,134","1,174","1,960",,,,,
3/12/2023,396,"16,666,852","4,859,012","2,784,713",3.4,"1,896","3,374","1,069","2,305",,,,,
3/13/2023,386,"8,017,445","1,581,870","361,163",5.1,912,"1,623",348,"1,275",,,,,
3/14/2023,405,"12,485,822","3,401,082","1,028,809",3.7,"1,420","2,528",748,"1,779",,,,,
3/15/2023,417,"12,995,966","4,078,913","2,407,763",3.2,"1,478","2,631",897,"1,734",,,,,
3/16/2023,420,"13,970,727","3,659,075","1,240,925",3.8,"1,589","2,828",805,"2,023",,,,,
3/17/2023,421,"9,065,296","1,956,507","477,909",4.6,"1,031","1,835",430,"1,405",,,,,
3/18/2023,383,"5,274,471","1,024,337","224,217",5.1,600,"1,068",225,842,,,,,
3/19/2023,395,"8,560,899","1,829,579","419,342",4.7,974,"1,733",403,"1,331",,,,,
3/20/2023,436,"13,830,677","3,277,413","791,911",4.2,"1,573","2,800",721,"2,079",,,,,
3/21/2023,446,"11,183,603","2,356,089","596,256",4.7,"1,272","2,264",518,"1,746",,,,,
3/22/2023,455,"13,335,406","2,857,089","666,270",4.7,"1,517","2,700",629,"2,071",,,,,
3/23/2023,444,"6,993,329","1,364,941","317,808",5.1,795,"1,416",300,"1,115",,,,,
3/24/2023,445,"7,429,481","1,536,757","369,694",4.8,845,"1,504",338,"1,166",,,,,
3/25/2023,471,"12,630,145","2,925,165","991,487",4.3,"1,436","2,557",644,"1,913",,,,,
3/26/2023,476,"14,580,700","3,698,775","1,032,808",3.9,"1,658","2,952",814,"2,138",,,,,
3/27/2023,493,"15,748,097","4,891,895","2,672,881",3.2,"1,791","3,188","1,076","2,112",,,,,
3/28/2023,500,"19,255,518","5,966,514","3,385,601",3.2,"2,190","3,898","1,313","2,586",,,,,
3/29/2023,508,"15,544,970","3,583,373","1,113,787",4.3,"1,768","3,147",788,"2,359",,,,,
3/30/2023,480,"7,116,228","1,365,386","295,560",5.2,809,"1,441",300,"1,140",,,,,
3/31/2023,517,"11,845,936","2,450,261","614,620",4.8,"1,347","2,398",539,"1,859",,,,,
4/1/2023,520,"14,180,631","3,093,962","701,342",4.6,"1,613","2,871",681,"2,190",,,,,
4/2/2023,535,"14,036,321","4,143,441","1,904,616",3.4,"1,596","2,842",912,"1,930",,,,,
4/3/2023,533,"13,798,771","4,229,088","2,388,675",3.3,"1,569","2,793",930,"1,863",,,,,
4/4/2023,547,"13,863,396","4,355,026","2,902,674",3.2,"1,577","2,807",958,"1,848",,,,,
4/5/2023,562,"13,051,195","3,971,507","2,501,725",3.3,"1,484","2,642",874,"1,768",,,,,
4/6/2023,583,"19,495,664","5,203,839","2,222,801",3.7,"2,217","3,947","1,145","2,802",,,,,
4/7/2023,595,"17,797,656","4,134,394","1,167,639",4.3,"2,024","3,603",910,"2,693",,,,,
4/8/2023,576,"12,371,946","3,129,832","1,233,420",4.0,"1,407","2,505",689,"1,816",,,,,
4/9/2023,535,"8,693,750","1,897,092","505,491",4.6,989,"1,760",417,"1,343",,,,,
4/10/2023,562,"10,951,385","2,329,747","500,190",4.7,"1,246","2,217",513,"1,705",,,,,
4/11/2023,556,"9,393,433","2,134,526","723,091",4.4,"1,068","1,902",470,"1,432",,,,,
4/12/2023,574,"11,593,884","2,666,162","859,702",4.3,"1,319","2,347",587,"1,761",,,,,
4/13/2023,607,"14,527,091","3,525,605","1,149,768",4.1,"1,652","2,941",776,"2,165",,,,,
4/14/2023,588,"10,409,903","2,724,877","1,231,621",3.8,"1,184","2,107",599,"1,508",,,,,
4/15/2023,557,"10,963,270","2,611,600","852,592",4.2,"1,247","2,219",575,"1,645",,,,,
4/16/2023,595,"15,326,459","3,454,069","987,709",4.4,"1,743","3,103",760,"2,343",,,,,
4/17/2023,592,"10,216,260","2,263,527","581,797",4.5,"1,162","2,068",498,"1,570",,,,,
4/18/2023,602,"10,858,144","2,519,156","731,064",4.3,"1,235","2,198",554,"1,644",,,,,
4/19/2023,552,"7,775,173","1,685,995","502,129",4.6,884,"1,574",371,"1,203",,,,,
4/20/2023,611,"14,161,796","3,391,037","993,708",4.2,"1,611","2,867",746,"2,121",,,,,
4/21/2023,608,"10,341,384","2,209,118","627,641",4.7,"1,176","2,094",486,"1,608",,,,,
4/22/2023,568,"9,181,643","1,970,408","511,252",4.7,"1,044","1,859",433,"1,425",,,,,
4/23/2023,547,"7,519,470","1,539,903","476,869",4.9,855,"1,522",339,"1,184",,,,,
4/24/2023,609,"13,103,385","3,027,006","852,502",4.3,"1,490","2,653",666,"1,987",,,,,
4/25/2023,634,"14,768,629","3,860,234","1,378,988",3.8,"1,680","2,990",849,"2,141",,,,,
4/26/2023,654,"18,342,300","5,192,143","2,518,547",3.5,"2,086","3,713","1,142","2,571",,,,,
4/27/2023,655,"13,981,322","3,993,631","2,280,621",3.5,"1,590","2,830",879,"1,952",,,,,
4/28/2023,650,"14,409,244","3,112,566","1,027,156",4.6,"1,639","2,917",685,"2,232",,,,,
4/29/2023,586,"7,762,279","1,610,258","455,015",4.8,883,"1,571",354,"1,217",,,,,
4/30/2023,522,"5,548,997","1,225,238","365,549",4.5,631,"1,123",270,854,,,,,
5/1/2023,423,"3,709,287","742,963","181,529",5.0,422,751,163,587,,,,,
5/2/2023,506,"5,801,292","1,282,095","377,135",4.5,660,"1,174",282,892,,,,,
5/3/2023,589,"8,553,897","2,156,473","949,896",4.0,973,"1,732",474,"1,257",,,,,
5/4/2023,500,"4,884,780","1,091,289","348,952",4.5,556,989,240,749,,,,,
5/5/2023,254,"1,585,522","289,026","66,598",5.5,180,321,64,257,,,,,
5/6/2023,279,"1,838,641","326,743","91,226",5.6,209,372,72,300,,,,,
5/7/2023,162,"940,627","160,786","24,879",5.9,107,190,35,155,,,,,
5/8/2023,154,"806,101","143,674","66,774",5.6,92,163,32,132,,,,,
5/9/2023,230,"1,846,311","325,924","72,159",5.7,210,374,72,302,,,,,
5/10/2023,356,"3,538,035","635,130","82,527",5.6,402,716,140,577,,,,,
5/11/2023,386,"3,682,851","654,991","88,975",5.6,419,746,144,601,,,,,
5/12/2023,377,"2,437,442","420,208","70,670",5.8,277,493,92,401,,,,,
5/13/2023,149,"716,709","125,536","30,835",5.7,82,145,28,117,,,,,
5/14/2023,111,"598,263","109,238","11,995",5.5,68,121,24,97,,,,,
5/15/2023,279,"3,069,455","634,679","159,405",4.8,349,621,140,482,,,,,
5/16/2023,446,"5,457,916","1,155,683","299,894",4.7,621,"1,105",254,851,,,,,
5/17/2023,490,"5,232,313","1,097,608","410,622",4.8,595,"1,059",241,818,,,,,
5/18/2023,528,"6,640,895","1,520,144","470,667",4.4,755,"1,344",334,"1,010",,,,,
5/19/2023,442,"3,476,338","711,924","174,876",4.9,395,704,157,547,,,,,
5/20/2023,212,"1,040,397","183,034","43,156",5.7,118,211,40,170,,,,,
5/21/2023,88,"379,890","66,066","27,897",5.8,43,77,15,62,,,,,
5/22/2023,46,"157,247","28,093","24,411",5.6,18,32,6,26,,,,,
5/23/2023,95,"393,721","79,218","36,502",5.0,45,80,17,62,,,,,
5/24/2023,237,"1,889,273","369,894","85,242",5.1,215,382,81,301,,,,,
5/25/2023,283,"2,066,653","397,393","116,863",5.2,235,418,87,331,,,,,
5/26/2023,322,"2,354,331","464,495","99,649",5.1,268,477,102,374,,,,,
5/27/2023,288,"1,753,823","345,141","92,210",5.1,199,355,76,279,,,,,
5/28/2023,84,"336,387","62,496","23,879",5.4,38,68,14,54,,,,,
5/29/2023,149,"797,423","159,169","54,293",5.0,91,161,35,126,,,,,
5/30/2023,243,"2,100,676","417,014","98,759",5.0,239,425,92,334,,,,,
5/31/2023,221,"1,220,083","221,566","53,677",5.5,139,247,49,198,,,,,
6/1/2023,186,"1,486,850","279,047","84,717",5.3,169,301,61,240,,,,,
6/2/2023,270,"2,206,902","373,961","75,999",5.9,251,447,82,365,,,,,
6/3/2023,135,"554,638","80,691","21,500",6.9,63,112,18,95,,,,,
6/4/2023,66,"246,127","38,094","14,794",6.5,28,50,8,41,,,,,
6/5/2023,85,"326,873","56,339","25,003",5.8,37,66,12,54,,,,,
6/6/2023,82,"304,321","52,728","17,878",5.8,35,62,12,50,,,,,
6/7/2023,70,"209,848","32,329","19,749",6.5,24,42,7,35,,,,,
6/8/2023,53,"146,222","21,636","4,746",6.8,17,30,5,25,,,,,
6/9/2023,36,"51,422","7,407","7,631",6.9,6,10,2,9,,COP,,,
6/10/2023,12,"16,964","1,066",575,15.9137,2,3,0,3,,15.9,,,
6/11/2023,13,"14,052",934,"3,026",15.045,2,3,0,3,,15.0,,,
6/12/2023,22,"4,780","1,328","5,853",3.6,1,1,0,1,,,,,
6/13/2023,25,"10,329","2,560","3,059",4.0,1,2,1,2,,,,,
6/14/2023,26,"16,750","3,761","5,104",4.5,2,3,1,3,,,,,
6/15/2023,25,"18,524","4,835","17,253",3.8,2,4,1,3,,,,,
6/16/2023,29,"15,074","3,690","1,991",4.1,2,3,1,2,,,,,
6/17/2023,21,"22,062","4,422",669,5.0,3,4,1,3,,,,,
6/18/2023,17,"26,179","5,550","2,892",4.7,3,5,1,4,,,,,
6/19/2023,20,"50,975","7,771","5,318",6.6,6,10,2,9,,,,,
6/20/2023,24,"43,915","9,402","7,441",4.7,5,9,2,7,,,,,
6/21/2023,26,"28,168","6,123","6,104",4.6,3,6,1,4,,,,,
6/22/2023,19,"27,349","4,627","24,207",5.9,3,6,1,5,,,,,
6/23/2023,26,"24,944","5,269","9,218",4.7,3,5,1,4,,,,,
6/24/2023,11,"3,202",672,0,4.8,0,1,0,1,,,,,
6/25/2023,8,"21,154",948,"3,677",22.3,2,4,0,4,,removed COP,,,
6/26/2023,26,"19,022","4,270","9,471",4.5,2,4,1,3,,,,,
6/27/2023,35,"36,481","7,760","7,764",4.7,4,7,2,6,,,,,
6/28/2023,36,"91,573","17,304","21,532",5.3,10,19,4,15,,,,,
6/29/2023,33,"44,648","9,291","34,822",4.8,5,9,2,7,,,,,
6/30/2023,37,"50,932","9,399","18,065",5.4,6,10,2,8,,,,,
7/1/2023,31,"70,628","10,264","13,317",6.9,8,14,2,12,,,,,
7/2/2023,39,"127,156","20,080","4,651",6.3,14,26,4,21,,,,,
7/3/2023,52,"123,929","19,442","2,973",6.4,14,25,4,21,,,,,
7/4/2023,50,"166,221","27,561","4,895",6.0,19,34,6,28,,,,,
7/5/2023,98,"560,166","87,475","15,782",6.4,64,113,19,94,,,,,
7/6/2023,76,"342,975","54,254","36,739",6.3,39,69,12,57,,,,,
7/7/2023,34,"58,529","15,169","11,504",3.9,7,12,3,9,,,,,
7/8/2023,16,"12,365","4,891","3,544",2.5,1,3,1,1,,,,,
7/9/2023,2,120,75,0,1.6,0,0,0,0,,,,,
7/10/2023,25,"7,483","1,976","6,242",3.8,1,2,0,1,,,,,
7/11/2023,26,"22,768","5,021","8,843",4.5,3,5,1,4,,,,,
7/12/2023,32,"22,669","5,425","14,753",4.2,3,5,1,3,,,,,
7/13/2023,29,"53,056","11,104","5,934",4.8,6,11,2,8,,,,,
7/14/2023,35,"39,159","9,250","4,724",4.2,4,8,2,6,,,,,
7/15/2023,23,"8,221","2,119","5,567",3.9,1,2,0,1,,,,,
7/16/2023,19,"21,634","5,268","5,101",4.1,2,4,1,3,,,,,
7/17/2023,40,"39,801","9,869","15,665",4.0,5,8,2,6,,,,,
7/18/2023,45,"45,519","11,740","14,650",3.9,5,9,3,7,,,,,
7/19/2023,54,"91,341","20,787","33,511",4.4,10,18,5,14,,,,,
7/20/2023,60,"78,057","18,456","31,132",4.2,9,16,4,12,,,,,
7/21/2023,62,"139,787","28,961","11,907",4.8,16,28,6,22,,,,,
7/22/2023,77,"307,161","51,748","12,791",5.9,35,62,11,51,,,,,
7/23/2023,105,"584,734","92,845","19,542",6.3,67,118,20,98,,,,,
7/24/2023,63,"180,994","33,654","11,291",5.4,21,37,7,29,,,,,
7/25/2023,94,"291,293","56,081","16,277",5.2,33,59,12,47,,,,,
7/26/2023,100,"331,072","60,790","57,297",5.4,38,67,13,54,,,,,
7/27/2023,131,"723,751","123,525","83,969",5.9,82,147,27,119,,,,,
7/28/2023,64,"213,310","38,231","30,897",5.6,24,43,8,35,,,,,
7/29/2023,24,"66,342","13,071","6,304",5.1,8,13,3,11,,,,,
7/30/2023,44,"135,207","23,657","5,573",5.7,15,27,5,22,,,,,
7/31/2023,87,"601,431","87,443","21,004",6.9,68,122,19,103,,,,,
8/1/2023,77,"381,988","65,933","18,866",5.8,43,77,15,63,,,,,
8/2/2023,92,"387,745","65,011","24,344",6.0,44,78,14,64,,,,,
8/3/2023,98,"372,602","66,934","18,907",5.6,42,75,15,61,,,,,
8/4/2023,95,"378,099","60,008","17,289",6.3,43,77,13,63,,,,,
8/5/2023,137,"981,058","168,132","19,191",5.8,112,199,37,162,,,,,
8/6/2023,223,"2,077,755","343,024","99,674",6.1,236,421,75,345,,,,,
8/7/2023,241,"1,718,614","270,592","46,520",6.4,195,348,60,288,,,,,
8/8/2023,208,"1,298,416","212,521","41,697",6.1,148,263,47,216,,,,,
8/9/2023,174,"807,098","133,866","42,161",6.0,92,163,29,134,,,,,
8/10/2023,98,"416,669","70,432","34,897",5.9,47,84,15,69,,,,,
8/11/2023,46,"113,932","19,393","19,043",5.9,13,23,4,19,,,,,
8/12/2023,25,"42,637","7,103","7,999",6.0,5,9,2,7,,,,,
8/13/2023,21,"27,270","4,559","4,212",6.0,3,6,1,5,,,,,
8/14/2023,30,"44,172","9,238","7,340",4.8,5,9,2,7,,,,,
8/15/2023,33,"35,656","7,803","10,247",4.6,4,7,2,6,,,,,
8/16/2023,42,"48,174","9,248","9,412",5.2,5,10,2,8,,,,,
8/17/2023,38,"79,742","16,209","12,608",4.9,9,16,4,13,,,,,
8/18/2023,30,"54,101","12,029","12,649",4.5,6,11,3,8,,,,,
8/19/2023,16,"8,826","1,870","5,981",4.7,1,2,0,1,,,,,
8/20/2023,13,"18,624","3,263","3,265",5.7,2,4,1,3,,,,,
8/21/2023,34,"31,715","6,130","8,379",5.2,4,6,1,5,,,,,
8/22/2023,32,"17,241","4,752","7,065",3.6,2,3,1,2,,,,,
8/23/2023,36,"31,523","6,967","10,969",4.5,4,6,2,5,,,,,
8/24/2023,40,"65,171","12,131","10,957",5.4,7,13,3,11,,,,,
8/25/2023,37,"54,694","12,044","14,891",4.5,6,11,3,8,,,,,
8/26/2023,40,"127,336","23,951","11,272",5.3,14,26,5,21,,,,,
8/27/2023,90,"504,581","99,088","38,916",5.1,57,102,22,80,,,,,
8/28/2023,130,"714,455","127,624","44,960",5.6,81,145,28,117,,,,,
8/29/2023,162,"910,817","163,786","38,200",5.6,104,184,36,148,,,,,
8/30/2023,272,"2,223,456","392,311","77,250",5.7,253,450,86,364,,,,,
8/31/2023,335,"2,573,753","455,924","116,537",5.6,293,521,100,421,,,,,
9/1/2023,303,"2,262,898","374,385","116,560",6.0,257,458,82,376,,,,,
9/2/2023,171,"815,691","133,460","28,545",6.1,93,165,29,136,,,,,
9/3/2023,116,"460,986","81,322","21,432",5.7,52,93,18,75,,,,,
9/4/2023,110,"427,709","79,511","33,496",5.4,49,87,17,69,,,,,
9/5/2023,53,"163,513","24,374","18,204",6.7,19,33,5,28,,,,,
9/6/2023,34,"25,061","5,770","8,004",4.3,3,5,1,4,,,,,
9/7/2023,41,"29,748","6,873","16,504",4.3,3,6,2,5,,,,,
9/8/2023,44,"27,385","5,529","16,953",5.0,3,6,1,4,,,,,
9/9/2023,20,"11,808","2,455","10,627",4.8,1,2,1,2,,,,,
9/10/2023,10,"7,533","1,704","1,187",4.4,1,2,0,1,,,,,
9/11/2023,34,"16,081","4,239","7,893",3.8,2,3,1,2,,,,,
9/12/2023,42,"30,685","7,176","12,246",4.3,3,6,2,5,,,,,
9/13/2023,68,"91,130","19,603","32,000",4.6,10,18,4,14,,,,,
9/14/2023,102,"366,671","71,519","32,237",5.1,42,74,16,58,,,,,
9/15/2023,131,"630,007","123,728","52,029",5.1,72,128,27,100,,,,,
9/16/2023,80,"415,891","66,750","14,049",6.2,47,84,15,70,,,,,
9/17/2023,71,"246,102","41,922","31,391",5.9,28,50,9,41,,,,,
9/18/2023,69,"227,345","36,848","27,139",6.2,26,46,8,38,,,,,
9/19/2023,178,"1,112,148","186,478","51,622",6.0,126,225,41,184,,,,,
9/20/2023,145,"826,587","128,760","49,594",6.4,94,167,28,139,,,,,
9/21/2023,252,"1,815,472","308,868","111,819",5.9,206,368,68,300,,,,,
9/22/2023,570,"6,770,900","1,476,025","484,024",4.6,770,"1,371",325,"1,046",,,,,
9/23/2023,898,"10,391,827","2,862,434","599,617",3.6,"1,182","2,104",630,"1,474",,,,,
9/24/2023,966,"9,911,474","2,986,317","562,947",3.3,"1,127","2,007",657,"1,350",,,,,
9/25/2023,760,"7,191,071","2,499,237","356,859",2.9,818,"1,456",550,906,,,,,
9/26/2023,535,"5,118,416","2,234,503","196,424",2.3,582,"1,036",492,545,,,,,
9/27/2023,425,"4,158,455","2,275,168","135,679",1.8,473,842,501,341,,,,,
9/28/2023,274,"1,959,043","919,707","141,588",2.1,223,397,202,194,,,,,
9/29/2023,372,"2,497,884","736,870","130,697",3.4,284,506,162,344,,,,,
9/30/2023,676,"6,963,019","1,541,266","291,351",4.5,792,"1,410",339,"1,071",,,,,
10/1/2023,442,"4,579,581","1,247,909","134,680",3.7,521,927,275,653,,,,,
10/2/2023,197,"2,581,006","1,287,733","76,849",2.0,294,523,283,239,,,,,
10/3/2023,351,"3,977,089","1,409,603","135,672",2.8,452,805,310,495,,,,,
10/4/2023,790,"9,329,744","2,283,874","376,110",4.1,"1,061","1,889",502,"1,386",,,,,
10/5/2023,990,"10,989,257","1,922,753","360,588",5.7,"1,250","2,225",423,"1,802",,,,,
10/6/2023,"1,042","9,869,718","1,620,985","323,189",6.1,"1,123","1,998",357,"1,641",,,,,
10/7/2023,629,"4,680,511","720,494","68,483",6.5,532,948,159,789,,,,,
10/8/2023,636,"5,396,966","923,160","101,797",5.8,614,"1,093",203,889,,,,,
10/9/2023,737,"6,456,942","979,291","184,228",6.6,734,"1,307",215,"1,092",,,,,
10/10/2023,613,"4,267,908","674,799","162,952",6.3,485,864,148,716,,,,,
10/11/2023,574,"4,188,551","637,772","176,907",6.6,476,848,140,708,,,,,
10/12/2023,"1,081","11,871,382","1,954,820","540,765",6.1,"1,350","2,403",430,"1,973",,,,,
10/13/2023,954,"8,736,562","1,258,606","255,479",6.9,994,"1,769",277,"1,492",,,,,
10/14/2023,"1,684","24,159,049","4,903,317","1,905,878",4.9,"2,748","4,891","1,079","3,812",,,,,
10/15/2023,"2,691","72,196,037","16,958,059","8,915,730",4.3,"8,211","14,616","3,731","10,885",,,,,
10/16/2023,"2,991","80,221,191","18,116,652","9,760,534",4.4,"9,124","16,240","3,986","12,255",,,,,
10/17/2023,"3,114","80,873,334","18,633,103","9,567,841",4.3,"9,198","16,372","4,099","12,273",,,,,
10/18/2023,"3,258","101,989,336","23,818,827","11,928,560",4.3,"11,600","20,647","5,240","15,407",,,,,
10/19/2023,"3,062","62,904,026","11,222,731","3,358,295",5.6,"7,154","12,735","2,469","10,266",,,,,
10/20/2023,"3,214","91,722,950","19,124,799","7,057,119",4.8,"10,432","18,569","4,207","14,361",,,,,
10/21/2023,"3,095","58,609,716","10,376,338","2,826,731",5.6,"6,666","11,865","2,283","9,582",,,,,
10/22/2023,"3,102","57,410,695","10,556,552","3,058,852",5.4,"6,530","11,623","2,322","9,300",,,,,
10/23/2023,"3,340","86,847,598","17,610,329","7,035,943",4.9,"9,877","17,582","3,874","13,708",,,,,
10/24/2023,"3,373","83,467,979","15,585,790","5,258,401",5.4,"9,493","16,898","3,429","13,469",,,,,
10/25/2023,"3,514","114,561,168","23,601,371","9,578,247",4.9,"13,029","23,192","5,192","18,000",,,,,
10/26/2023,"3,531","97,337,623","19,897,031","7,702,041",4.9,"11,071","19,706","4,377","15,328",,,,,
10/27/2023,"3,571","106,537,790","38,003,341","7,271,304",2.8,"12,117","21,568","8,361","13,207",,,,,
10/28/2023,"3,568","93,906,941","17,910,002","5,920,983",5.2,"10,680","19,011","3,940","15,071",,,,,
10/29/2023,"3,516","78,588,485","14,349,800","4,310,613",5.5,"8,938","15,910","3,157","12,753",,,,,
10/30/2023,"3,630","93,854,958","17,693,049","5,949,031",5.3,"10,674","19,000","3,892","15,108",,,,,
10/31/2023,"3,647","90,549,926","17,311,326","5,829,277",5.2,"10,299","18,331","3,808","14,523",,,,,
11/1/2023,"3,680","90,287,819","16,338,281","5,075,144",5.5,"10,269","18,278","3,594","14,684",,,,,
11/2/2023,"3,756","125,663,099","25,860,708","10,375,091",4.9,"14,292","25,440","5,689","19,751",,,,,
11/3/2023,"3,808","130,729,986","27,999,709","12,616,643",4.7,"14,868","26,466","6,160","20,306",,,,,
11/4/2023,"3,794","144,128,750","31,310,389","13,088,178",4.6,"16,392","29,178","6,888","22,290",,,,,
11/5/2023,"3,789","122,558,616","24,772,705","8,547,675",4.9,"13,939","24,811","5,450","19,361",,,,,
11/6/2023,"3,854","129,729,994","27,073,863","11,393,272",4.8,"14,755","26,263","5,956","20,307",,,,,
11/7/2023,"3,874","131,548,574","27,992,272","12,691,346",4.7,"14,961","26,631","6,158","20,473",,,,,
11/8/2023,"3,903","149,000,265","32,173,178","14,295,078",4.6,"16,946","30,164","7,078","23,086",,,,,
11/9/2023,"3,902","129,311,373","27,592,225","11,760,393",4.7,"14,707","26,178","6,070","20,108",,,,,
11/10/2023,"3,950","179,411,780","42,721,313","21,690,825",4.2,"20,405","36,321","9,399","26,922",,,,,
11/11/2023,"3,942","157,132,239","37,423,855","19,188,111",4.2,"17,871","31,811","8,233","23,577",,,,,
11/12/2023,"3,962","170,062,091","43,981,199","24,159,651",3.9,"19,342","34,428","9,676","24,752",,,,,
11/13/2023,"3,986","172,602,203","36,793,578","17,022,900",4.7,"19,631","34,942","8,095","26,848",,,,,
11/14/2023,"3,924","121,153,289","23,144,345","7,568,902",5.2,"13,779","24,527","5,092","19,435",,,,,
11/15/2023,"3,976","125,596,937","25,120,046","8,788,373",5.0,"14,285","25,427","5,526","19,900",,,,,
11/16/2023,"4,028","168,509,456","40,410,250","20,109,241",4.2,"19,165","34,114","8,890","25,224",,,,,
11/17/2023,"4,077","179,901,137","49,009,403","31,635,819",3.7,"20,461","36,420","10,782","25,638",,,,,
11/18/2023,"4,077","200,371,093","50,866,556","25,048,705",3.9,"22,789","40,564","11,191","29,374",,,,,
11/19/2023,"3,969","111,418,158","20,774,475","5,872,705",5.4,"12,672","22,556","4,570","17,986",,,,,
11/20/2023,"4,035","125,374,141","25,309,101","9,311,294",5.0,"14,259","25,381","5,568","19,813",,,,,
11/21/2023,"4,123","161,156,418","35,730,681","15,545,424",4.5,"18,329","32,625","7,861","24,765",,,,,
11/22/2023,"4,155","206,864,401","60,977,947","42,174,731",3.4,"23,527","41,879","13,415","28,464",,,,,
11/23/2023,"4,140","143,084,795","28,137,782","9,545,605",5.1,"16,274","28,967","6,190","22,777",,,,,
11/24/2023,"4,201","204,131,808","55,201,757","34,533,036",3.7,"23,217","41,326","12,144","29,181",,,,,
11/25/2023,"4,212","234,911,377","61,784,615","41,126,555",3.8,"26,717","47,557","13,593","33,964",,,,,
11/26/2023,"4,228","218,725,715","61,410,897","37,732,153",3.6,"24,876","44,280","13,510","30,770",,,,,
11/27/2023,"4,265","230,150,410","69,192,186","49,953,198",3.3,"26,176","46,593","15,222","31,371",,,,,
11/28/2023,"4,292","229,308,007","80,941,237","85,166,729",2.8,"26,080","46,422","17,807","28,615",,,,,
11/29/2023,"4,330","238,943,101","85,941,129","91,252,314",2.8,"27,176","48,373","18,907","29,466",,,,,
11/30/2023,"4,344","226,530,573","89,828,269","122,598,208",2.5,"25,764","45,860","19,762","26,098",,,,,
12/1/2023,"4,369","240,982,607","93,744,231","131,053,710",2.6,"27,408","48,786","20,624","28,162",,,,,
12/2/2023,"4,380","246,669,443","95,295,719","134,259,983",2.6,"28,055","49,937","20,965","28,972",,,,,
12/3/2023,"4,389","246,121,474","92,914,487","121,925,715",2.6,"27,992","49,826","20,441","29,385",,,,,
12/4/2023,"4,427","270,152,515","98,355,099","116,641,691",2.7,"30,725","54,691","21,638","33,053",,,,,
12/5/2023,"4,439","249,721,602","92,819,382","110,208,793",2.7,"28,402","50,555","20,420","30,135",,,,,
12/6/2023,"4,459","242,960,255","80,303,032","72,561,747",3.0,"27,633","49,186","17,667","31,519",,,,,
12/7/2023,"4,460","246,254,863","94,827,585","130,262,696",2.6,"28,007","49,853","20,862","28,991",,,,,
12/8/2023,"4,465","253,458,500","78,741,959","67,930,969",3.2,"28,827","51,311","17,323","33,988",,,,,
12/9/2023,"4,457","224,464,782","53,290,138","27,862,134",4.2,"25,529","45,442","11,724","33,718",,,,,
12/10/2023,"4,464","194,097,215","43,038,846","21,066,754",4.5,"22,075","39,294","9,469","29,826",,,,,
12/11/2023,"4,482","195,776,331","42,890,071","18,556,016",4.6,"22,266","39,634","9,436","30,198",,,,,
12/12/2023,"4,497","199,065,309","46,276,975","21,558,684",4.3,"22,640","40,300","10,181","30,119",,,,,
12/13/2023,"4,508","189,245,477","41,653,313","17,790,808",4.5,"21,524","38,312","9,164","29,148",,,,,
12/14/2023,"4,547","227,730,139","61,423,126","34,024,616",3.7,"25,900","46,103","13,513","32,590",,,,,
12/15/2023,"4,558","221,768,623","47,836,383","20,984,979",4.6,"25,222","44,896","10,524","34,372",,,,,
12/16/2023,"4,547","214,481,701","48,867,331","21,422,672",4.4,"24,394","43,421","10,751","32,670",,,,,
12/17/2023,"4,531","179,655,690","39,562,594","16,835,074",4.5,"20,433","36,370","8,704","27,667",,,,,
12/18/2023,"4,597","222,786,162","53,635,122","26,828,758",4.2,"25,338","45,102","11,800","33,302",,,,,
12/19/2023,"4,620","221,312,404","50,302,792","22,971,124",4.4,"25,171","44,804","11,067","33,737",,,,,
12/20/2023,"4,657","237,218,238","54,404,329","27,439,690",4.4,"26,980","48,024","11,969","36,055",,,,,
12/21/2023,"4,665","214,011,930","44,482,375","20,903,379",4.8,"24,340","43,326","9,786","33,540",,,,,
12/22/2023,"4,682","249,905,028","55,641,982","30,028,479",4.5,"28,423","50,592","12,241","38,351",,,,,
12/23/2023,"4,607","214,492,549","44,365,393","19,184,538",4.8,"24,395","43,423","9,760","33,663",,,,,
12/24/2023,"4,528","177,617,800","32,065,803","10,185,963",5.5,"20,201","35,958","7,054","28,903",,,,,
12/25/2023,"4,453","146,729,235","26,264,825","8,833,048",5.6,"16,688","29,705","5,778","23,926",,,,,
12/26/2023,"4,561","193,070,675","41,622,853","20,613,563",4.6,"21,959","39,086","9,157","29,929",,,,,
12/27/2023,"4,630","248,436,239","61,400,108","37,985,230",4.0,"28,255","50,295","13,508","36,787",,,,,
12/28/2023,"4,587","204,803,223","39,641,477","15,559,670",5.2,"23,293","41,461","8,721","32,740",,,,,
12/29/2023,"4,594","206,949,856","41,851,527","19,092,142",4.9,"23,537","41,896","9,207","32,689",,,,,
12/30/2023,"4,619","228,927,446","50,433,220","25,413,028",4.5,"26,037","46,345","11,095","35,250",,,,,
12/31/2023,"4,621","217,177,902","46,305,347","21,450,198",4.7,"24,700","43,967","10,187","33,779",,,,,
1/1/2024,"4,643","234,333,385","52,681,226","26,620,550",4.4,"26,652","47,440","11,590","35,850",,,,,
1/2/2024,"4,646","214,318,431","41,745,869","16,373,812",5.1,"24,375","43,388","9,184","34,204",,,,,
1/3/2024,"4,624","213,897,569","43,495,975","18,375,757",4.9,"24,327","43,303","9,569","33,733",,,,,
1/4/2024,"4,656","228,165,621","52,109,946","25,263,823",4.4,"25,950","46,191","11,464","34,727",,,,,
1/5/2024,"4,681","251,507,678","59,964,808","32,061,568",4.2,"28,605","50,917","13,192","37,724",,,,,
1/6/2024,"4,700","275,294,250","86,027,549","77,546,429",3.2,"31,310","55,732","18,926","36,806",,,,,
1/7/2024,"4,733","294,172,038","103,820,682","141,212,213",2.8,"33,457","59,554","22,841","36,713",,,,,
1/8/2024,"4,768","309,702,176","113,590,641","202,883,601",2.7,"35,223","62,698","24,990","37,708",,,,,
1/9/2024,"4,785","289,829,796","109,380,739","234,165,406",2.6,"32,963","58,675","24,064","34,611",,,,,
1/10/2024,"4,794","292,328,270","109,758,383","230,811,670",2.7,"33,247","59,180","24,147","35,034",,,,,
1/11/2024,"4,827","301,537,357","110,899,403","212,793,660",2.7,"34,295","61,045","24,398","36,647",,,,,
1/12/2024,"4,840","310,571,535","98,678,094","102,851,172",3.1,"35,322","62,874","21,709","41,165",,,,,
1/13/2024,"4,845","308,851,822","95,660,806","85,706,940",3.2,"35,127","62,526","21,045","41,480",,,,,
1/14/2024,"4,865","298,101,305","96,075,062","100,306,041",3.1,"33,904","60,349","21,137","39,213",,,,,
1/15/2024,"4,897","309,317,300","106,505,984","136,619,077",2.9,"35,180","62,620","23,431","39,189",,,,,
1/16/2024,"4,925","309,565,381","108,161,729","143,963,274",2.9,"35,208","62,670","23,796","38,874",,,,,
1/17/2024,"4,958","328,392,938","119,343,605","190,305,910",2.8,"37,349","66,482","26,256","40,226",,,,,
1/18/2024,"4,985","302,916,907","108,396,364","166,798,449",2.8,"34,452","61,324","23,847","37,477",,,,,
1/19/2024,"5,005","311,497,539","107,290,026","146,301,631",2.9,"35,428","63,061","23,604","39,457",,,,,
1/20/2024,"5,019","319,979,078","113,567,311","171,670,005",2.8,"36,392","64,778","24,985","39,793",,,,,
1/21/2024,"5,033","343,622,722","110,325,785","125,921,532",3.1,"39,081","69,565","24,272","45,293",,,,,
1/22/2024,"5,035","253,080,754","53,412,475","30,157,081",4.7,"28,784","51,235","11,751","39,484",,,,,
1/23/2024,"5,049","271,285,704","60,976,747","35,909,208",4.4,"30,854","54,921","13,415","41,506",,,,,
1/24/2024,"5,013","226,024,780","45,613,236","22,351,365",5.0,"25,707","45,758","10,035","35,723",,,,,
1/25/2024,"5,074","262,782,713","62,254,764","36,611,547",4.2,"29,887","53,199","13,696","39,503",,,,,
1/26/2024,"5,052","233,006,249","50,852,978","27,901,048",4.6,"26,501","47,171","11,188","35,983",,,,,
1/27/2024,"5,096","266,098,861","77,824,884","70,780,772",3.4,"30,264","53,870","17,121","36,749",,,,,
1/28/2024,"5,112","263,947,508","78,275,043","78,149,306",3.4,"30,020","53,435","17,221","36,214",,,,,
1/29/2024,"5,134","259,726,959","65,568,958","44,380,927",4.0,"29,540","52,580","14,425","38,155",,,,,
1/30/2024,"5,136","261,288,734","55,632,592","25,930,459",4.7,"29,717","52,897","12,239","40,657",,,,,
1/31/2024,"5,179","287,745,164","69,131,457","36,489,572",4.2,"32,726","58,253","15,209","43,044",,,,,
2/1/2024,"5,184","243,136,377","58,907,351","36,534,280",4.1,"27,653","49,222","12,960","36,262",,,,,
2/2/2024,"5,209","289,662,379","65,881,040","34,293,176",4.4,"32,944","58,641","14,494","44,147",,,,,
2/3/2024,"5,140","219,642,945","42,022,646","14,930,683",5.2,"24,981","44,466","9,245","35,221",,,,,
2/4/2024,"5,171","222,987,951","43,352,835","16,140,923",5.1,"25,361","45,143","9,538","35,605",,,,,
2/5/2024,"5,190","235,970,326","47,460,037","19,324,267",5.0,"26,838","47,771","10,441","37,330",,,,,
2/6/2024,"5,204","232,513,096","44,552,923","16,151,496",5.2,"26,444","47,071","9,802","37,270",,,,,
2/7/2024,"5,245","263,435,819","70,299,417","45,006,895",3.7,"29,961","53,331","15,466","37,865",,,,,
2/8/2024,"5,295","321,485,587","104,521,838","103,503,578",3.1,"36,564","65,083","22,995","42,088",,,,,
2/9/2024,"5,267","234,248,608","48,841,044","21,918,883",4.8,"26,642","47,423","10,745","36,677",,,,,
2/10/2024,"5,196","185,302,355","33,814,010","11,121,141",5.5,"21,075","37,514","7,439","30,075",,,,,
2/11/2024,"5,253","210,096,051","41,415,774","14,199,804",5.1,"23,895","42,533","9,111","33,421",,,,,
2/12/2024,"5,318","235,811,929","52,003,405","23,376,994",4.5,"26,820","47,739","11,441","36,298",,,,,
2/13/2024,"5,354","270,543,922","67,535,052","40,636,645",4.0,"30,770","54,770","14,858","39,913",,,,,
2/14/2024,"5,350","235,432,321","43,145,363","13,017,472",5.5,"26,776","47,662","9,492","38,170",,,,,
2/15/2024,"5,238","146,696,002","23,802,219","6,217,399",6.2,"16,684","29,698","5,236","24,461",,,,,
2/16/2024,"5,322","178,937,179","31,397,915","9,795,481",5.7,"20,351","36,225","6,908","29,317",,,,,
2/17/2024,"5,241","183,175,482","34,269,992","11,181,747",5.3,"20,833","37,083","7,539","29,544",,,,,
2/18/2024,"5,297","229,824,145","45,287,670","15,703,969",5.1,"26,139","46,527","9,963","36,564",,,,,
2/19/2024,"5,351","235,765,752","46,981,080","17,888,837",5.0,"26,814","47,730","10,336","37,394",,,,,
2/20/2024,"5,402","246,947,499","51,601,213","21,168,173",4.8,"28,086","49,993","11,352","38,641",,CO2 Feb,,,
2/21/2024,"5,475","252,055,498","50,375,101","20,390,991",5.0,"28,667","51,027","11,083","39,945",,"1,114,694",,,
2/22/2024,"5,472","212,876,879","39,860,471","15,989,435",5.3,"24,211","43,096","8,769","34,327",,,,,
2/23/2024,"5,567","319,277,324","80,716,534","49,340,039",4.0,"36,312","64,636","17,758","46,879",,,,,
2/24/2024,"5,606","322,993,469","87,519,378","54,874,393",3.7,"36,735","65,388","19,254","46,134",,,,,
2/25/2024,"5,614","285,930,859","69,456,843","37,237,416",4.1,"32,520","57,885","15,281","42,605",,,,,
2/26/2024,"5,651","360,506,241","95,596,862","60,563,069",3.8,"41,002","72,983","21,031","51,951",,,,,
2/27/2024,"5,677","285,258,445","82,870,870","66,029,673",3.4,"32,443","57,749","18,232","39,518",,,,,
2/28/2024,"5,701","310,665,611","80,894,084","53,700,745",3.8,"35,333","62,893","17,797","45,096",,,,,
2/29/2024,"5,722","335,001,652","72,017,268","31,995,626",4.7,"38,101","67,819","15,844","51,976",,,,,
3/1/2024,"5,709","283,058,046","63,608,053","30,073,286",4.5,"32,193","57,304","13,994","43,310",,,,,
3/2/2024,"5,676","206,610,328","43,516,925","20,360,077",4.7,"23,498","41,827","9,574","32,254",,,,,
3/3/2024,"5,572","164,481,269","31,356,654","12,171,252",5.2,"18,707","33,298","6,898","26,400",,,,,
3/4/2024,"5,672","205,567,405","43,360,323","18,674,646",4.7,"23,380","41,616","9,539","32,077",,,,,
3/5/2024,"5,760","282,025,957","63,866,945","30,277,473",4.4,"32,076","57,095","14,051","43,044",,,,,
3/6/2024,"5,768","237,280,079","56,101,133","30,630,516",4.2,"26,987","48,036","12,342","35,694",,,,,
3/7/2024,"5,799","261,972,787","69,556,502","48,770,420",3.8,"29,795","53,035","15,302","37,733",,,,,
3/8/2024,"5,832","263,918,691","74,214,416","64,373,609",3.6,"30,016","53,429","16,327","37,102",,,,,
3/9/2024,"5,795","239,677,236","59,350,741","36,739,435",4.0,"27,259","48,522","13,057","35,464",,,,,
3/10/2024,"5,799","230,726,932","49,247,624","21,522,464",4.7,"26,241","46,710","10,834","35,875",,,,,
3/11/2024,"5,858","284,113,401","61,262,146","24,032,854",4.6,"32,313","57,517","13,478","44,040",,,,,
3/12/2024,"5,879","261,170,009","54,032,377","18,592,233",4.8,"29,704","52,873","11,887","40,986",,,,,
3/13/2024,"5,878","224,960,666","40,602,403","11,182,814",5.5,"25,586","45,542","8,933","36,610",,,,,
3/14/2024,"5,671","119,754,308","21,168,712","7,047,736",5.7,"13,620","24,244","4,657","19,587",,,,,
3/15/2024,"5,218","102,702,546","16,726,604","4,879,822",6.1,"11,681","20,792","3,680","17,112",,,,,
3/16/2024,"5,807","204,039,089","42,193,122","17,122,318",4.8,"23,206","41,307","9,282","32,024",,,,,
3/17/2024,"5,940","227,763,746","48,474,511","19,426,542",4.7,"25,904","46,110","10,664","35,445",,,,,
3/18/2024,"5,704","141,748,196","25,144,584","7,494,296",5.6,"16,121","28,696","5,532","23,164",,,,,
3/19/2024,"5,707","132,297,440","23,153,422","6,263,869",5.7,"15,047","26,783","5,094","21,689",,,,,
3/20/2024,"5,601","111,963,070","19,385,757","6,033,878",5.8,"12,734","22,666","4,265","18,402",,,,,
3/21/2024,"5,850","181,217,148","34,674,842","11,587,209",5.2,"20,610","36,687","7,628","29,058",,,,,
3/22/2024,"6,019","230,057,855","43,141,417","13,194,564",5.3,"26,165","46,574","9,491","37,083",,,,,
3/23/2024,"6,053","247,129,862","57,053,061","25,685,868",4.3,"28,107","50,030","12,552","37,479",,,,,
3/24/2024,"6,113","324,307,137","76,296,888","35,336,475",4.3,"36,885","65,654","16,785","48,869",,,,,
3/25/2024,"6,114","223,862,392","54,242,972","31,532,067",4.1,"25,461","45,320","11,933","33,386",,,,,
3/26/2024,"6,110","235,307,050","51,420,807","22,532,709",4.6,"26,762","47,637","11,313","36,324",,March,,,
3/27/2024,"6,093","211,387,158","40,913,577","12,664,073",5.2,"24,042","42,794","9,001","33,793",,"1,032,811",,,
3/28/2024,"6,169","238,271,781","48,871,584","16,760,656",4.9,"27,099","48,237","10,752","37,485",,,,,
3/29/2024,"6,116","187,358,618","36,035,047","12,568,594",5.2,"21,309","37,930","7,928","30,002",,,,,
3/30/2024,"5,998","202,457,628","37,715,208","12,387,115",5.4,"23,026","40,987","8,297","32,689",,,,,
3/31/2024,"6,054","179,803,200","35,314,354","11,802,935",5.1,"20,450","36,400","7,769","28,631",,,,,
4/1/2024,"5,990","168,577,780","30,716,364","9,184,458",5.5,"19,173","34,128","6,758","27,370",,,,,
4/2/2024,"6,144","223,388,300","42,532,127","13,158,741",5.3,"25,407","45,224","9,357","35,867",,,,,
4/3/2024,"6,163","200,617,580","35,220,757","8,756,784",5.7,"22,817","40,614","7,749","32,866",,April,,,
4/4/2024,"6,121","175,930,750","30,307,647","7,159,126",5.8,"20,009","35,616","6,668","28,949",,"911,630",,,
4/5/2024,"5,860","127,957,364","20,014,633","4,213,921",6.4,"14,553","25,904","4,403","21,501",,,,,
4/6/2024,"4,469","47,714,772","7,072,647","1,705,619",6.7,"5,427","9,660","1,556","8,104",,,,,
4/7/2024,"1,554","12,313,820","1,937,666","522,383",6.4,"1,400","2,493",426,"2,067",,,,,
4/8/2024,"1,839","16,538,058","2,622,473","723,139",6.3,"1,881","3,348",577,"2,771",,,,,
4/9/2024,"3,902","62,098,812","11,027,326","3,385,078",5.6,"7,063","12,572","2,426","10,146",,,,,
4/10/2024,"5,184","104,255,422","19,411,182","5,847,749",5.4,"11,857","21,106","4,270","16,836",,,,,
4/11/2024,"5,325","111,225,119","17,603,203","3,841,305",6.3,"12,650","22,517","3,873","18,644",,,,,
4/12/2024,"4,570","52,506,491","7,685,410","1,655,471",6.8,"5,972","10,630","1,691","8,939",,,,,
4/13/2024,"2,612","24,238,756","3,702,365","824,868",6.5,"2,757","4,907",815,"4,093",,,,,
4/14/2024,"2,865","31,249,169","5,420,760","1,670,487",5.8,"3,554","6,326","1,193","5,134",,,,,
4/15/2024,"5,608","171,071,235","35,456,011","13,505,942",4.8,"19,456","34,633","7,800","26,832",,,,,
4/16/2024,"6,266","256,039,520","55,431,653","22,294,371",4.6,"29,120","51,834","12,195","39,639",,,,,
4/17/2024,"6,362","275,559,957","65,074,446","33,630,768",4.2,"31,340","55,786","14,316","41,469",,,,,
4/18/2024,"6,416","356,351,740","88,544,678","77,692,346",4.0,"40,529","72,142","19,480","52,662",,,,,
4/19/2024,"6,405","347,363,192","75,515,162","56,083,858",4.6,"39,507","70,322","16,613","53,709",,,,,
4/20/2024,"6,438","319,079,200","73,186,342","49,276,677",4.4,"36,290","64,596","16,101","48,495",,,,,
4/21/2024,"6,440","368,947,541","93,578,966","85,706,010",3.9,"41,962","74,692","20,587","54,104",,,,,
4/22/2024,"6,440","353,170,624","88,964,979","75,999,093",4.0,"40,167","71,498","19,572","51,925",,,,,
4/23/2024,"6,496","343,440,123","91,312,826","88,675,389",3.8,"39,061","69,528","20,089","49,439",,,,,
4/24/2024,"6,470","362,554,038","88,715,540","70,955,648",4.1,"41,234","73,397","19,517","53,880",,,,,
4/25/2024,"6,515","410,720,302","101,252,994","84,324,556",4.1,"46,713","83,148","22,276","60,873",,,,,
4/26/2024,"6,450","280,671,609","63,797,599","53,192,423",4.4,"31,922","56,821","14,035","42,785",,,,,
4/27/2024,"6,117","246,644,064","52,783,685","52,804,889",4.7,"28,052","49,932","11,612","38,320",,,,,
4/28/2024,"5,274","178,622,937","38,128,869","47,502,353",4.7,"20,315","36,161","8,388","27,773",,,,,
4/29/2024,"5,315","198,696,434","45,271,166","58,393,150",4.4,"22,598","40,225","9,960","30,265",,,,,
4/30/2024,"2,354","108,422,772","26,250,862","44,985,676",4.1,"12,331","21,950","5,775","16,174",,,,,
5/1/2024,751,"96,019,099","24,378,355","44,497,259",3.9,"10,921","19,439","5,363","14,075",,May,,,
5/2/2024,267,"109,053,261","28,029,371","51,764,643",3.9,"12,403","22,077","6,166","15,911",,"501,081",,,
5/3/2024,"1,667","124,350,978","30,656,139","52,642,907",4.1,"14,143","25,174","6,744","18,430",,,,,
5/4/2024,"3,403","142,201,530","32,670,698","47,518,287",4.4,"16,173","28,788","7,188","21,600",,,,,
5/5/2024,"3,727","139,057,418","31,516,924","47,009,938",4.4,"15,815","28,152","6,934","21,218",,,,,
5/6/2024,"3,212","112,003,322","25,671,704","39,293,663",4.4,"12,739","22,675","5,648","17,027",,,,,
5/7/2024,"2,308","80,300,687","18,874,362","31,015,515",4.3,"9,133","16,256","4,152","12,104",,,,,
5/8/2024,"2,767","107,401,567","24,755,650","39,063,152",4.3,"12,215","21,743","5,446","16,297",,,,,
5/9/2024,"3,524","106,145,153","23,634,825","32,811,693",4.5,"12,072","21,489","5,200","16,289",,,,,
5/10/2024,"2,087","93,128,884","22,550,296","39,305,081",4.1,"10,592","18,854","4,961","13,892",,,,,
5/11/2024,"1,054","83,932,405","21,007,699","38,828,693",4.0,"9,546","16,992","4,622","12,370",,,,,
5/12/2024,345,"125,210,571","32,140,354","61,694,093",3.9,"14,241","25,348","7,071","18,277",,,,,
5/13/2024,113,"123,862,398","31,915,050","61,653,717",3.9,"14,087","25,075","7,021","18,054",,,,,
5/14/2024,90,"108,381,889","27,924,910","53,908,432",3.9,"12,327","21,941","6,143","15,798",,,,,
5/15/2024,104,"108,419,760","27,931,642","53,925,567",3.9,"12,331","21,949","6,145","15,804",,,,,
5/16/2024,193,"93,617,351","24,064,466","46,246,046",3.9,"10,647","18,952","5,294","13,658",,,,,
5/17/2024,344,"110,427,756","28,243,123","53,984,180",3.9,"12,559","22,356","6,213","16,142",,,,,
5/18/2024,428,"64,871,442","16,437,237","30,985,382",3.9,"7,378","13,133","3,616","9,517",,,,,
5/19/2024,344,"110,539,734","28,270,676","54,031,757",3.9,"12,572","22,378","6,220","16,159",,,,,
5/20/2024,431,"126,569,161","32,324,525","61,758,339",3.9,"14,395","25,623","7,111","18,512",,,,,
5/21/2024,376,"94,853,983","24,223,758","46,296,208",3.9,"10,788","19,203","5,329","13,874",,,,,
5/22/2024,460,"98,174,484","24,989,017","44,571,532",3.9,"11,166","19,875","5,498","14,377",,,,,
5/23/2024,721,"103,645,161","26,166,027","41,812,973",4.0,"11,788","20,982","5,757","15,226",,,,,
5/24/2024,"1,049","124,969,989","31,156,609","48,791,618",4.0,"14,213","25,300","6,854","18,445",,,,,
5/25/2024,"1,193","94,129,694","22,985,948","34,411,186",4.1,"10,706","19,056","5,057","13,999",,,,,
5/26/2024,"1,152","94,149,079","23,319,729","32,574,481",4.0,"10,708","19,060","5,130","13,930",,,,,
5/27/2024,"1,049","89,274,738","22,257,887","35,449,506",4.0,"10,154","18,073","4,897","13,177",,,,,
5/28/2024,"1,488","116,922,806","28,749,800","41,100,959",4.1,"13,298","23,670","6,325","17,346",,,,,
5/29/2024,"1,284","135,525,608","33,240,543","55,129,265",4.1,"15,414","27,437","7,313","20,124",,,,,
5/30/2024,"1,369","94,805,823","23,208,135","28,227,691",4.1,"10,783","19,193","5,106","14,087",,,,,
5/31/2024,"1,299","172,950,259","43,863,147","61,479,849",3.9,"19,670","35,013","9,650","25,363",,,,,
6/1/2024,"1,491","125,063,813","30,996,893","33,720,576",4.0,"14,224","25,319","6,819","18,499",,June,,,
6/2/2024,"2,154","143,798,840","35,071,881","44,782,894",4.1,"16,355","29,111","7,716","21,396",,"678,891",,,
6/3/2024,"2,237","111,707,603","26,857,264","30,194,777",4.2,"12,705","22,615","5,909","16,706",,,,,
6/4/2024,"1,410","120,916,903","30,433,196","43,147,805",4.0,"13,752","24,479","6,695","17,784",,,,,
6/5/2024,"1,324","153,638,304","39,231,035","56,512,493",3.9,"17,474","31,103","8,631","22,473",,,,,
6/6/2024,"2,101","98,483,532","23,672,009","30,908,320",4.2,"11,201","19,938","5,208","14,730",,,,,
6/7/2024,"2,108","160,881,856","39,767,261","71,312,138",4.0,"18,298","32,570","8,749","23,821",,,,,
6/8/2024,"1,598","78,509,959","18,941,509","30,947,729",4.1,"8,929","15,894","4,167","11,727",,,,,
6/9/2024,"2,255","125,452,879","30,253,530","43,000,469",4.1,"14,268","25,397","6,656","18,742",,,,,
6/10/2024,"3,357","172,947,082","40,141,456","54,775,510",4.3,"19,670","35,012","8,831","26,181",,,,,
6/11/2024,"4,024","187,257,423","42,247,415","52,525,560",4.4,"21,297","37,909","9,294","28,615",,,,,
6/12/2024,"3,775","203,104,300","47,198,564","69,297,102",4.3,"23,100","41,118","10,384","30,734",,,,,
6/13/2024,"3,732","196,492,762","46,610,011","67,396,177",4.2,"22,348","39,779","10,254","29,525",,,,,
6/14/2024,"2,334","184,997,983","45,976,310","65,054,868",4.0,"21,040","37,452","10,115","27,337",,,,,
6/15/2024,"2,274","159,298,967","39,380,681","54,294,767",4.0,"18,118","32,249","8,664","23,586",,,,,
6/16/2024,"2,411","154,637,943","37,812,075","59,646,985",4.1,"17,587","31,306","8,319","22,987",,,,,
6/17/2024,"1,351","135,684,144","34,436,499","54,187,367",3.9,"15,432","27,469","7,576","19,893",,,,,
6/18/2024,839,"147,892,991","37,797,519","63,808,704",3.9,"16,820","29,940","8,315","21,625",,,,,
6/19/2024,955,"172,906,048","44,365,063","74,846,156",3.9,"19,665","35,004","9,760","25,244",,,,,
6/20/2024,836,"115,053,191","29,502,909","48,261,910",3.9,"13,085","23,292","6,491","16,801",,,,,
6/21/2024,621,"171,228,030","44,104,004","74,904,809",3.9,"19,474","34,664","9,703","24,961",,,,,
6/22/2024,759,"136,754,699","35,158,301","51,360,877",3.9,"15,554","27,685","7,735","19,951",,,,,
6/23/2024,315,"85,598,193","22,117,436","38,476,007",3.9,"9,735","17,329","4,866","12,463",,,,,
6/24/2024,147,"166,864,873","43,434,192","74,323,935",3.8,"18,978","33,781","9,556","24,225",,,,,
6/25/2024,71,"156,733,775","41,030,664","60,725,450",3.8,"17,826","31,730","9,027","22,703",,,,,
6/26/2024,57,"168,866,530","43,851,142","74,589,011",3.9,"19,206","34,186","9,647","24,539",,,,,
6/27/2024,49,"178,144,865","46,734,768","64,253,242",3.8,"20,261","36,065","10,282","25,783",,,,,
6/28/2024,66,"136,837,166","35,985,265","45,773,743",3.8,"15,563","27,702","7,917","19,785",,,,,
6/29/2024,75,"141,547,518","37,093,818","52,351,911",3.8,"16,099","28,656","8,161","20,495",,,,,
6/30/2024,57,"167,868,438","43,988,170","62,871,097",3.8,"19,092","33,984","9,677","24,307",,,,,
7/1/2024,137,"146,741,975","38,330,083","59,119,290",3.8,"16,689","29,707","8,433","21,275",,,,,
7/2/2024,249,"137,128,295","35,649,115","57,567,115",3.8,"15,596","27,761","7,843","19,918",,,,,
7/3/2024,761,"175,103,409","45,200,731","62,884,340",3.9,"19,915","35,449","9,944","25,505",,,,,
7/4/2024,658,"140,800,073","36,245,995","57,532,113",3.9,"16,014","28,504","7,974","20,530",,,,,
7/5/2024,686,"152,291,277","39,146,238","59,645,882",3.9,"17,321","30,831","8,612","22,218",,,,,
7/6/2024,526,"118,962,411","30,789,904","42,664,392",3.9,"13,530","24,083","6,774","17,310",,,,,
7/7/2024,857,"112,564,738","28,686,664","41,523,710",3.9,"12,802","22,788","6,311","16,477",,,,,
7/8/2024,723,"114,389,001","29,319,296","47,914,406",3.9,"13,010","23,158","6,450","16,707",,,,,
7/9/2024,114,"79,663,307","20,738,538","30,937,120",3.8,"9,060","16,127","4,562","11,565",,,,,